Wydarzenie,Naglowek
BIZNES,Edukacja kluczem do osiągnięcia finansowego spokoju ducha
BIZNES,Nowy rozdział dla iRobot: dotychczasowy partner w roli inwestora
BIZNES,Forum Przedsiębiorczości - PARP4digital. Dokąd zmierzają polskie innowacje - relacja z wydarzenia.
BIZNES,Powstała Koalicja na Rzecz Zdrowia Jamy Ustnej. Nowa inicjatywa ma odpowiedzieć na kosztowny kryzys zdrowotny Polaków
BIZNES,NEXT prezentuje limitowaną ofertę noworoczną
BIZNES,Black Friday przestał być tylko świętem okazji. Stał się testem technologicznej dojrzałości rynku
BIZNES,Łódzcy naukowcy wspierają pacjentów z cukrzycą
BIZNES,"Przyszłość handlu napędzana przez ludzi, technologię i odporność"
BIZNES,Michał Sołowow ma nowego partnera w atomowym biznesie. To znany na świecie gigant
BIZNES,"Jak z polskiej wsi dojść na globalny rynek. Trzech ekspertów o tym, jak naprawdę buduje się firmy światowej klasy"
BIZNES,Urząd Transportu Kolejowego grozi przewoźnikowi z Czech. Zaczęła się konkurencja na kolei i może jej zaraz nie być
BIZNES,mBank jest kobietą!
BIZNES,"Cinkciarz.pl w upadłości. Syndyk wskazał, ile osób się zgłosiło po zwrot pieniędzy"
BIZNES,"Polacy dywersyfikują portfele poza Europą. Sprawdzamy, dlaczego coraz częściej wybierają Dubaj"
BIZNES,Era formularzy dobiega końca. Nowe preferencje Polaków w płatnościach online
BIZNES,"Innowacje, odwaga i… 175 tys. zł na rozwój! Rusza VI edycja konkursu „Twój biznes pod banderą sukcesu”"
BIZNES,"Nowy pracodawca Andrzeja Dudy dostał milionową karę. ""Naruszenia i nieprawidłowości"""
BIZNES,Polacy mocno inwestują w OZE! | Onet Rano
BIZNES,Jak zarządzać nowoczesnym zespołem? Oto kluczowe cechy lidera przyszłości
BIZNES,Państwowa spółka zbuduje elektrownię. Będzie produkować energię z gazu ziemnego
BIZNES,Gdy prawo spotyka algorytm. Dlaczego AI dla prawników wymaga innych standardów?
BIZNES,Rośnie konkurencja na kolei w Polsce. Czeski przewoźnik obsłuży nowe połączenia
BIZNES,Połowa wiatraków w Niemczech będzie polegać na polskim serwisie. Ważna transakcja
BIZNES,Orlen zbuduje pierwszy przyzakładowy magazyn energii. Zdradził lokalizację
BIZNES,"Pomaganie, które łączy. Wolontariat pracowniczy Procter & Gamble oczami jego uczestników"
BIZNES,Profesjonalna mobilność bez kompromisów
BIZNES,Były minister znalazł pracę. Trafi do zarządu państwowego banku
BIZNES,Donald Trump wkracza w dużą transakcję. Sprawa dotyczy właściciela TVN
BIZNES,Lody Häagen-Dazs. Tak polski imigrant zbudował lodowe imperium
BIZNES,Mało znane fakty na temat właściciela TVN. Jego założyciele mają związek z Polską
BIZNES,SMR-y mają zmienić cenę energii. Członek zarządu Respect Energy wyjaśnia [WYWIAD]
BIZNES,"Bon na zakup laptopa jeszcze niewykorzystany? Nauczycielu: sprawdź, na jaki sprzęt warto postawić"
BIZNES,Komisja Europejska ukarała giganta mediów społecznościowych. Trzy zarzuty
BIZNES,"Prezes firmy Drutex nie żyje. Wiadomo, do kogo trafią wszystkie akcje"
BIZNES,Netflix kupi część biznesu właściciela TVN. Zawrotna kwota
BIZNES,Oman – nowe centrum inwestycji dla Polaków. Dlaczego teraz warto tam kupić nieruchomość?
BIZNES,Koszt kaucjomatów w wielkiej sieci sklepów w Polsce. Kwota robi wrażenie
BIZNES,Wielkie lotnisko w Polsce wraca do życia. Docelowo 10 mln pasażerów
BIZNES,Polski startup przejęty przez amerykańskiego giganta od sztucznej inteligencji
BIZNES,Pracownicy Stokrotki szykują strajk i żądają 800 zł podwyżki. Oto ile zarabiają
BIZNES,"Dlaczego w starciu z AI wygrają ci, którzy postawią na... bycie człowiekiem? Neurony kontra algorytmy"
BIZNES,Zwolnienia u Zygmunta Solorza. Pracę straci prawie 80 proc. załogi
BIZNES,Czy fintech może zastąpić bank w drodze po własny samochód? Polska firma już to robi
BIZNES,Boże Narodzenie bez prezentu od firmy? 90% pracowników czeka na świąteczne wsparcie finansowe
BIZNES,"""Marketing musi być traktowany jak silnik wzrostu i inwestycja, a nie centrum kosztów"". Szef IAA i lider LinkedIn zdradza najlepsze praktyki"
BIZNES,Rozpocznij działalność innowacyjną z INNOSTART
BIZNES,"Forum Samorządowe w Zakopanem pokazało, które tematy zdominują lokalne strategie"
BIZNES,Samorządy coraz silniejsze w cyberprzestrzeni. Debaty pod Tatrami wyznaczyły kierunek modernizacji usług publicznych
BIZNES,Fuzja gigantów na rynku mody. Jest oficjalne potwierdzenie
BIZNES,"Dzięki KSeF małe firmy mogą nadrobić cyfrowe zaległości. To szansa, a nie kolejny obowiązek [WYWIAD]"
BIZNES,"Zakopane zakończyło debatę, ale otworzyło nowy rozdział. Polskie samorządy chcą mówić jednym głosem"
BIZNES,KSeF jako katalizator zmian. Cyfryzacja staje się priorytetem
BIZNES,Device as a Service – jak kompleksowe wsparcie urządzeń IT odciąża firmy?
BIZNES,Call of Duty jako wzór do naśladowania w biznesie. Tak sprzedaje się dziś treści cyfrowe
BIZNES,Perowskity i pożyczki. Olga Malinkiewicz kontra inwestorzy
BIZNES,Największy polski ubezpieczyciel donosi na byłych prezesów. Wskazuje straty
BIZNES,Kulisy polskiego Black Friday na Amazon.pl [WYWIAD]
BIZNES,"Black Friday to raj dla oszustów. Oto praktyczne rady, jak bronić się przed pułapkami"
BIZNES,Tylko restrukturyzacja może uratować twój biznes
BIZNES,"Black Friday? Nie, dziękuję. Oto dlaczego coraz więcej ludzi odwraca się od wyprzedaży"
BIZNES,Pożar w Hongkongu. Firmy prześcigają się w milionowych darowiznach [LISTA]
BIZNES,"Black Friday manipuluje naszymi mózgami. Oto sztuczki, przez które kupujemy niepotrzebne rzeczy"
BIZNES,Firmy kurierskie zwiększają zatrudnienie o 30 proc. Urlopy w tym czasie nie wchodzą w grę
BIZNES,OLX Group z rekordową rentownością. Marża na poziomie 49% oraz solidny wzrost przychodów o 22%.
BIZNES,Nowy Lexus? Najlepszy moment. Wyprzedaż rocznika
BIZNES,Huta Królewska kończy działalność. ArcelorMittal zamyka zakład po ponad dwustu latach
BIZNES,"""Ucz się, bo inaczej skończysz w pracy fizycznej"". Nie posłuchali i są milionerami"
BIZNES,Lidl sprzedaje 24 sklepy. Na stole ponad 200 mln euro
BIZNES,"Aqua Resort Międzyzdroje – nowa ikona polskiego wybrzeża. 
Gdy wypoczynek,  wodna rozrywka, wellness i emocje spotykają się w jednym miejscu"
BIZNES,Rekordowy zakup. PESA i Newag z kontraktem ORLEN
BIZNES,Pomiędzy dziedzictwem a przyszłością bankowości
BIZNES,TikTok jest już rywalem eBaya w globalnych zakupach online
BIZNES,"Wielka fuzja na rynku mediów. ""Rzeczpospolita"" z nowym właścicielem"
BIZNES,Wielki konglomerat inwestycyjny z Abu Zabi zainteresowany aktywami Łukoila
BIZNES,Trzy firmy złożyły formalne oferty przejęcia właściciela TVN. Media wskazują faworyta
BIZNES,Budowa elektrowni jądrowej z Turkami i Koreańczykami? Repolonizacja w praktyce
BIZNES,"Te polskie firmy prywatne uzbrajają polskie wojsko. Na liście: roboty, radary, drony"
BIZNES,Fabryka Wełny – centrum biznesowych spotkań i wyjątkowych wydarzeń
BIZNES,"Bydgoszcz w trybie ""secure"". Miasto buduje swoją przewagę w gospodarce cyfrowej"
BIZNES,"Jedyny czat AI dla prawników, bazujący na zasobach LEX - Wolters Kluwer Polska wprowadza LEX Expert AI"
BIZNES,Wpływ gadżetów reklamowych na lojalność klientów - wnioski z raportu BIOSTAT® i OpenGift.pl
BIZNES,Sąd UE odrzucił apelację amerykańskiego giganta. To nie koniec walki
BIZNES,Mark Zuckerberg wygrywa sprawę antymonopolową. Pierwsze tak zdecydowane zwycięstwo
BIZNES,"Jak wygląda biuro gotowe na 2026 rok? Trendy, które definiują nowy standard pracy"
BIZNES,"""Musieliśmy znaleźć sposób, by się wyróżnić"""
BIZNES,Gaz ziemny fundamentem przemysłu. Dlaczego trudno go zastąpić w naszej gospodarce?
BIZNES,Amerykański gigant w grze o przejęcie cennych aktywów rosyjskiego Łukoila
BIZNES,Wielki projekt Niemiec i Francji fiaskiem? Wyceniano go na 100 mld euro
BIZNES,Wolters Kluwer przejmuje Libra Technology GmbH - dostawcę rozwiązań AI dla prawników
BIZNES,Nawet 4200 zł premii dla przedsiębiorców z iKontem Biznes w Alior Banku
BIZNES,"Gdzie rośnie ryzyko, tam wkracza AI"
BIZNES,Centrum Janki stawia na inkluzywność. Otwarto Strefę Wyciszenia – nie tylko dla osób neuroróżnorodnych
BIZNES,Gigant meblowy zapowiada zwolnienia grupowe. Związkowcy protestują
BIZNES,Black Friday 2025 – bezpieczne i sprytne zakupy
BIZNES,Opakowanie kartonowe – cichy bohater łańcucha dostaw
BIZNES,Republika chce powalczyć z Allegro i Amazonem. Nowy projekt
BIZNES,2 mld euro na infrastrukturę AI. ACS i BlackRock tworzą wspólną spółkę
BIZNES,"Zdrowie pracowników się opłaca – oszczędności liczone w miliardach, korzyści bezcenne"
BIZNES,Gigant odzieżowy kończy współpracę z legendą NBA. M.in. przez cła
BIZNES,XTB zdobyło nagrodę Effie dzięki nowatorskiemu podejściu
BIZNES,Rekonfiguracja globalnych łańcuchów wartości: Polska wobec nowych wyzwań konkurencyjności
BIZNES,Toyota rusza z produkcją baterii w USA. Ogromna inwestycja na lata
BIZNES,"Koniec ery formularzy. Sklepy w Polsce uczą się, że mniej kliknięć znaczy więcej pieniędzy"
BIZNES,Vienna Life: „Nasza ambicja to TOP3 ubezpieczycieli na życie”
BIZNES,"Przemysł blisko ludzi. Pokazujemy region, który zbudował własny model rozwoju"
BIZNES,Żabka bije rekordy. CEO jednostki biznesowej Żabka Polska zdradza kulisy i plany rozwoju „najbardziej dostępnej franczyzy” [WYWIAD]
BIZNES,"Netflix oferuje już gry, a teraz myśli na poważnie o czymś innym. Widać lekki optymizm inwestorów"
BIZNES,Ugoda po 20 latach sporów. Zmiany odczują klienci i sprzedawcy w USA
BIZNES,Niemiecki koncern motoryzacyjny ogranicza produkcję. Zwolnienia dotkną też Polskę
BIZNES,"Jakim cudem biały t-shirt może kosztować prawie 2 tys. zł? ""To wszystko jest wliczone w cenę tej koszulki"""
BIZNES,Auchan pozbywa się centrów handlowych w Polsce. Nieruchomości trafią do węgierskiego funduszu
BIZNES,Kolosalnie spadł zysk w IKEA. Prawdopodobny koniec ery obniżek cen
BIZNES,Elon Musk dostaje pakiet za 1 bln dol. Instytucje ostrzegają
BIZNES,Firmę teściów zmieniła w imperium. Została polską królową cappuccino w proszku
BIZNES,Branża suplementów rośnie w siłę. Wartość rynku zbliża się do 9 mld zł
BIZNES,"Polski gigant przejął wielkie winnice w Mołdawii, Bułgarii i Rumunii. 2000 hektarów"
BIZNES,Skarga na PKP Intercity do Komisji Europejskiej. Czeski przewoźnik kolejowy ma w Polsce pod górę
BIZNES,"Elon Musk wyciąga rękę do Intela. W planach budowa ""terafabryki"" chipów AI w Tesli"
BIZNES,Świąteczna prognoza dla zakupów przez internet. Rafał Brzoska o miksie sygnałów
BIZNES,Zwrot w sprawie aktywów Łukoilu. Chętny się wycofał
BIZNES,Akcjonariusze zgodzili się na podwyżkę dla Muska. Horrendalna kwota
BIZNES,To zdjęcie obiegnie świat. Menedżer zemdlał podczas konferencji Trumpa [WIDEO]
BIZNES,Spada liczba wydawanych wiz w Polsce. Biznes dostał rykoszetem
BIZNES,Zacznij od audytu – nowe Czyste Powietrze daje więcej korzyści
BIZNES,"Mapa kompetencji AI, czyli jakie są wyzwania dla rozwoju sztucznej inteligencji w Polsce?"
BIZNES,Międzyzdroje – Dlaczego to idealny kierunek dla branży MICE?
BIZNES,Pierwszy miesiąc systemu kaucyjnego. Czy wkrótce będziemy mieć wyprzedaże napojów ze starymi butelkami? [WYWIAD]
BIZNES,Ortodoncja w erze technologii. Jak Invisalign zmienia doświadczenie pacjenta?
BIZNES,"Technologia, zespół i wartości – sekret sukcesu Top Beauty Clinic"
BIZNES,"Paradoks na rynku – firmy wdrażają AI, ale nie szkolą pracowników"
BIZNES,"Miedź, podatki i miejsca pracy. Dolny Śląsk nie musi szukać szczęścia gdzie indziej"
BIZNES,Marketing tradycyjny - gdzie szukać szans i jak je wykorzystać?
BIZNES,"""Wall Street Journal"": firma Elona Muska otrzyma kontrakt na 2 mld dol."
BIZNES,"Wiedza, doświadczenie i smaki Pomorza Zachodniego w jednym miejscu."
BIZNES,Wojsko Polskie kupuje 250 ambulansów. Największy kontrakt w historii armii
BIZNES,mBank prezentuje plan transformacji
BIZNES,AI pomoże kobietom na rynku pracy
BIZNES,"Comarch EDI KSeF w praktyce: przegląd funkcji, które ułatwiają codzienną pracę z e-fakturami"
BIZNES,"Raport dotyczący AI pokazuje, że polskie firmy nie mają wyjścia. Czy uczymy się ufać maszynom?"
BIZNES,Miliony kont zagrożone. Hasła do Gmaila wyciekły do sieci
BIZNES,"Jedna decyzja, milionowe efekty. Tak Łódź buduje nowy model samorządowej efektywności"
BIZNES,PGE przejmuje pełną kontrolę nad projektem badań lokalizacyjnych elektrowni jądrowej
BIZNES,"Ostatni moment na najlepsze unijne dotacje. Firmy mają rok na decyzje, które zdefiniują ich przyszłość"
BIZNES,Karty żywieniowe bez paragonów? Rośnie liczba pozytywnych interpretacji ZUS
BIZNES,Szara strefa zagrożeniem dla konsumentów – licencjonowanie instytucji pożyczkowych poprawi bezpieczeństwo
BIZNES,Rola sektora motoryzacyjnego w Polsce maleje. Tracimy na atrakcyjności
BIZNES,Wykup nieopłaconych faktur dla MŚP to sposób na odzyskanie pieniędzy i płynności finansowej
BIZNES,Wiceprezes PFR zdradza plany funduszu. Te spółki mogą trafić na giełdę [WYWIAD]
BIZNES,"Polska się starzeje, firmy szukają klientów w Europie. Ekspansja jest dziś łatwiejsza niż kiedykolwiek"
BIZNES,Najlepszy moment do przejmowania firm w Niemczech. Polacy kupili producenta z pół wieku tradycji
BIZNES,Niepewna przyszłość właściciela TVN. Mimo tego wycena biznesu rośnie
BIZNES,"Idziesz na urlop? Ten start-up chętnie zapewni pracodawcy twojego ""cyfrowego klona"""
BIZNES,YouTuberzy nie polegają już na przychodach z reklam. Tak dziś zarabia się w sieci
BIZNES,Kogo stać na polski futbol. Takie biznesy stoją za klubami [ANALIZA]
BIZNES,BGK wspiera PGZ. Gwarancje na miliard złotych
BIZNES,Adamed. Polska firma farmaceutyczna z globalnym zasięgiem
BIZNES,"Magda Gessler, Piotr Ogiński, Grzegorz Łapanowski gotują na Pomorzu Zachodnim"
BIZNES,Media społecznościowe pod lupą. Możliwe wielomiliardowe kary
BIZNES,Wyższy podatek CIT od banków przyniesie nieoczekiwany skutek przed końcem roku
BIZNES,Maciej Adamkiewicz nie żyje. To jeden z najbogatszych Polaków
BIZNES,Sigillum – podpis elektroniczny dostarczany przez Polską Wytwórnię Papierów Wartościowych S.A. bezpłatnie w aplikacji mObywatel
BIZNES,"Siedem rodzin, które trzęsą Niemcami. Nawet za Odrą mało kto kojarzy ich przedstawicieli"
BIZNES,"Rząd szykuje wielką fuzję, a PiS mówi twarde ""nie"". ""To uderzenie w Polaków i Polskę"""
BIZNES,Sztuczna inteligencja wspomaga firmy
BIZNES,Platformy handlowe coraz częściej punktem startowym zakupów online - Allegro na czele
BIZNES,Cyfryzacja firm rodzinnych. Jak nadgonić tempo?
BIZNES,Indyjski gigant paliwowy może wstrzymać zakupy ropy z Rosji
BIZNES,"Sklepy Komfort z nowym Dyrektorem Finansowym. 
Do zarządu dołącza Sławomir Baniak"
BIZNES,"Z pokolenia na pokolenie, z Polski na świat – aromatyczna transformacja rodzinnego biznesu"
BIZNES,Ostatni dzwonek na wdrożenie KSeF. Jak je przeprowadzić i uniknąć paraliżu firmy w 2026 roku?
BIZNES,Czy wstrząs we Francji uderzy w Polskę i strefę euro? Są trzy scenariusze [ANALIZA]
BIZNES,Pracę straci 1200 pracowników popularnej sieci pizzerii na Wyspach
BIZNES,Polska Grupa Zbrojeniowa podpisała umowę z francuską firmą
BIZNES,Ile można zarobić na OnlyFans? Szefowa platformy podsumowała wypłaty
BIZNES,Amerykański przemysł zbrojeniowy liczy zyski
BIZNES,Sojusz przeciwko superinteligencji. Naukowcy i celebryci wzywają do zakazu jej rozwoju
BIZNES,Czterodniowy tydzień pracy wywołuje sporo kontrowersji
BIZNES,Innowacje i AI w małym AGD: jak rewolucjonizować rynek dzięki danym i strategicznej koncentracji
BIZNES,"Błoto, pot i networking"
BIZNES,Andrzej Domański dostaje państwowe spółki. Jeden bank już kontroluje
BIZNES,"Ukraińska spółka oszacowała wojenne straty. ""Infrastruktura bezlitośnie niszczona"""
BIZNES,Prezes BCC: obronność może stać się kołem zamachowym gospodarki. Wskazuje warunek
BIZNES,Ambitne cele Orlenu do 2035 roku. Biznes chce dyskusji o narzędziach i terminach
BIZNES,NEXT prezentuje globalne nieruchomości na targach United Property & Invest w Polsce
BIZNES,"Branża wiatrowa idzie w teren walczyć z dezinformacją. ""Chcemy wrócić do korzeni""."
BIZNES,Zygmunt Solorz przegrywa w kolejnej spółce. Został odwołany
BIZNES,Strategia ORLEN odpowiedzią na konieczność transformacji
BIZNES,Rosja musi zapłacić 50 mld dol. akcjonariuszom Jukosu. Przełomowe orzeczenie
BIZNES,Meta wycofuje Messengera. Użytkownicy muszą się przygotować
BIZNES,Temat zdrowia znów głośno wybrzmiał. Zakończył się Kongres Zdrowe Miasta
BIZNES,Tak nowy podatek wpłynie na koszt kredytu dla Polaków i finansowanie inwestycji
BIZNES,Legia Warszawa dogadała się z nowym partnerem. Odczuć to mają kibice
BIZNES,Kredytowy potentat nie żyje. Zostawił po sobie pięć biznesowych rad
BIZNES,"Szwajcarski gigant zwolni tysiące pracowników. W Polsce zatrudnia 3,4 tys."
BIZNES,Jak założyć firmę przez telefon w dwie godziny | Onet Rano Finansowo
BIZNES,Musimy wyznaczyć ambitne cele i uciekać do przodu. Rafał Brzoska o dwóch latach koalicji 15 października
BIZNES,Polska jako centrum AI – potencjał i bariery rozwoju technologicznego w regionie CEE
BIZNES,Rafako zyska nowe życie. Jest deklaracja Donalda Tuska
BIZNES,"Warszawskie Lotnisko Chopina z rekordowym wrześniem. Ponad 2,3 mln pasażerów w miesiąc"
BIZNES,Dreame inwestuje 702 mln dolarów w rozwój i planuje podbój rynku smart home
BIZNES,Polska i Niemcy łączą siły w obronności. Powstanie Europejskie Centrum Wozów Wsparcia
BIZNES,JSW rozpoczyna restrukturyzację. Nowy prezes zapowiada głębokie zmiany
BIZNES,Karta Lunchowa dla pracowników – benefit z którego korzystają Polacy
BIZNES,"Od wyścigu po więcej do sztuki bycia. Jak znaleźć swoją drogę
w świecie, który ciągle każe nam biec?"
BIZNES,"""Kopernikański przewrót kolejowy"". Na polskie tory wjeżdża konkurencja"
BIZNES,"PKP wykorzysta miliardy z KPO. ""Nie ma zagrożenia"""
BIZNES,Żadne nasionko ani pyłek nie mogą wydostać się na zewnątrz. Tak wygląda walka o przyszłość kawy
BIZNES,"Stacje paliw w Polsce. Trzeci na rynku goni liderów, niedawny debiutant zamyka stacje"
BIZNES,Czy zakupy mogą być formą relaksu? W Polsce rusza nowy format drogerii
BIZNES,2 zł za baterię i stację do odkurzacza Electrolux Absolute Hygienic 800? Nie przegap okazji!
BIZNES,Największa sieć sklepów w Polsce ujawniła rąbka tajemnicy. Oto miesięczne przychody
BIZNES,"Z Gdańska w Tatry w 1,5 godziny? Wizz Air uruchamia nowe połączenia"
BIZNES,Odkrywamy zachowania polskich e-konsumentów: 60% kupujących poluje na promocje podczas takich wydarzeń jak Wielkie Okazje Prime na Amazon.pl
BIZNES,Rewolucja na polskich torach RegioJet startuje z ofertą
BIZNES,Jarosław Kaczyński w konflikcie o dworek. Właścicielka odrzuca ofertę
BIZNES,Apple pod lupą francuskiej prokuratury. Czy Siri podsłuchuje użytkowników?
BIZNES,Nauka angielskiego na Malcie. Dlaczego wyjazd językowy to inwestycja w karierę i rozwój osobisty?
BIZNES,Amerykański gigant farmaceutyczny stawia na Indie. Miliardowa inwestycja
BIZNES,Na Ukrainie biją rekordy popularności. Aplikacja NovaPay EU debiutuje w Polsce
BIZNES,Energia w pakiecie z jakością
BIZNES,System kaucyjny ominął mleko. Tak branża odzyskuje opakowania. Rozmowa z szefem Tetra Pak na nasz region
BIZNES,"Fenomen WD-40. Skład w sejfie, regularne dywidendy i ponadprzeciętnie lojalni pracownicy"
BIZNES,"Gastronomia pod presją rosnących kosztów. ""Od 20 lat jest ciężko"""
BIZNES,"""Pogoda pogodą..."". Jak wyglądał ten sezon dla branży turystycznej"
BIZNES,"Drony nad niemieckim lotniskiem. ""Starty opóźnione"""
BIZNES,"Czy w Wielkiej Brytanii brakuje przedsiębiorcom ambicji? ""Nie ma wsparcia"""
BIZNES,"Rada nadzorcza JSW odpowiedziała na decyzję audytora. ""Pozytywna opinia"""
BIZNES,To on przejął stery po odwołanym prezesie JSW. Kim jest Bogusław Oleksy?
BIZNES,Banki idą na rekord. ZBP prognozuje zyski na koniec 2025 r.
BIZNES,LOT kontra Boeing. Konflikt rozstrzygnie ława przysięgłych
BIZNES,Boom na infrastrukturę AI nie zwalnia. BlackRock szykuje rekordową transakcję
BIZNES,Rosjanie chcą wspólnego interesu z USA. W grze największy koncern naftowy w Serbii
BIZNES,Kaufland wycofuje kontrowersyjny produkt. Sieć tłumaczy się z błędu
BIZNES,Koniec legendy tytoniowej w Niemczech. Pracownicy w Polsce czekają na decyzję
BIZNES,"""Największy kontrakt w historii LOT-u"". Podano, kiedy przyleci pierwszy Airbus A220"
BIZNES,InPost za pośrednictwem buycoffee.to umożliwia postawienie wirtualnej kawy dla Kurierów
BIZNES,Najlepsze systemy POS dla gastronomii – TOP 5 kompleksowych rozwiązań z zakresu oprogramowania dla gastronomii
BIZNES,Tak się kończy megalomania w biznesie. Radom zostaje z jednym połączeniem
BIZNES,Sztuczna inteligencja i reklama w sklepach motorami transformacji marketingu. Polskie firmy mogą wykorzystać globalne trendy
BIZNES,Listy zastawne - nieoczywista alternatywa dla lokat
BIZNES,Feldan Kılıçaslan: Silny wrzesień może zwiastować wyjątkowy IV kwartał dla S&P 500
BIZNES,Pierwszy sukces nowego zarządu. Koniec sporu zbiorowego w PZU
BIZNES,"Nawet 4,3 miliona czekoladowych produktów dziennie – fabryka Mars w Janaszówku świętuje 30 lat działalności"
BIZNES,"Elżbieta Krawczyk-Grzyb, prezeska Free Polska - wyłącznego przedstawiciela marki GREE w kraju, o sukcesie i wyzwaniach w zarządzaniu firmą"
BIZNES,Rośnie zainteresowanie wśród pracowników dopłatami do dojazdów do pracy. Tylko 9 proc. firm oferuje takie benefity
BIZNES,Biznesowy apetyt na zmianę -  wydarzenie „Taste & Travel” już w październiku!
BIZNES,Sztuka biznesu i biznes w sztuce [FELIETON]
BIZNES,Interkadra by Synergie w procesie rebrandingu. Od 1.01.2026 roku pod marką Synergie
BIZNES,Banki z jeszcze większymi zyskami. NBP podał nowe dane
BIZNES,Benefity jako korzyść dla pracowników i biznesu
BIZNES,"Wiemy, kto kupił monumentalnego Mitoraja. Za ""Tindaro"" stoi jeden z najbogatszych Polaków i jego nowy projekt"
BIZNES,"Wsparcie rodziców w świecie biznesu — wymóg prawa, moda czy misja?"
BIZNES,"Kultowa wrocławska knajpa pokazała swoje koszty. ""Bez januszowania"""
BIZNES,Menadżerowie krezusi. W tych firmach zarządzający najlepiej zarabiają na życie
BIZNES,"Kraje bałtyckie – małe gospodarki, wielki potencjał dla logistyki"
BIZNES,Benefity od kulis. Z korzyścią dla pracowników i biznesu
BIZNES,Orlen Paczka zmieni właściciela. Płocki koncern znalazł nabywcę
BIZNES,KSeF: czy będzie cyfrowym katalizatorem dla polskich firm?
BIZNES,Ministerstwo Finansów wstrzymuje wielką fuzję Pekao z PZU. Znamy powód
BIZNES,Takie są plany na energetykę jądrową w Polsce. Prezes PEJ o priorytetach [WYWIAD]
BIZNES,Niemiecki gigant wstrzymuje budowę fabryki w Polsce. Podaje powód
BIZNES,Decyzja Donalda Trumpa może wstrząsnąć big techami. Oto skutki podwyżki wiz
BIZNES,Energa chce rozwodu i podziału majątku. Orlen może uratować związek
BIZNES,Inwestycja w Dubaju? Unikaj tych 7 najczęściej popełnianych błędów
BIZNES,Low-code już nie wystarcza: DomData wchodzi w erę AI-based business automation i rozwija ofertę produktową dla nowych branż
BIZNES,"Nie tylko ""król żelatyny"". Gdzie zniknęli milionerzy lat 90.?"
BIZNES,Las Vegas ma wyraźne problemy. Co się dzieje ze słynnym miastem grzechu?
BIZNES,Polskie ciężarówki utknęły na Białorusi. Takie straty ponoszą każdego dnia
BIZNES,"Temu i inne chińskie firmy rozszyfrowały, jak uzależnić ludzi w domach. Teraz eksportują ten model na cały świat"
BIZNES,"Największy polski bank wkrótce otworzy się w dwóch nowych krajach. ""W nowej formule"""
BIZNES,Donald Trump i Xi Jinping coraz bliżej porozumienia w sprawie TikToka
BIZNES,"Miała tam stać pierwsza elektrownia jądrowa. PGE zaczyna wielką inwestycję, choć nie w atom"
BIZNES,Od raportu do przewagi konkurencyjnej. Tak ESG napędza wzrost i cyfrową transformację
BIZNES,Spółka Dominiki Kulczyk wycofuje się z inwestycji w wodór. Jest decyzja BGK
BIZNES,Tylko 3 proc. Polaków planuje założenie firmy. Oto czego obawiamy się najbardziej
BIZNES,Niebezpieczne odpady w rękach mafii. Polska walczy z tykającą bombą ekologiczną
BIZNES,Mieszkania górnicze na sprzedaż. Lokatorzy mają trzy miesiące na odpowiedź
BIZNES,"Ukraińcy nie mogą sprzedać zakładu w Polsce. Kupili, zwolnili pracowników, a teraz cena o połowę w dół"
BIZNES,"Miliarder ma dość ""nagonki na deweloperów"". Zamierza budować poza Polską"
BIZNES,"Europejska motoryzacja w kryzysie. Sprzedaż spada, konkurencja rośnie [RAPORT]"
BIZNES,"Donald Trump pozywa ""New York Times”. Domaga się miliardów dolarów"
BIZNES,Pewny wybór wśród sieci biur nieruchomości – jak wygląda współpraca z ekspertem Freedom?
BIZNES,Synergia Low-Code i AI – nowy silnik transformacji w biznesie
BIZNES,Weto prezydenta Nawrockiego. Kluczowa branża polskiej gospodarki ocenia konsekwencje
BIZNES,Pula w Eurojackpot rośnie do 116 mln euro. W Polsce były duże wygrane
BIZNES,Już po awarii terminali płatniczych w całym kraju. Mamy wyjaśnienia operatorów
BIZNES,Solorz wraz z żoną odwołani z kolejnej spółki. Jest komunikat
BIZNES,TVN może zmienić właściciela. Oto plan syna najbogatszego człowieka świata
BIZNES,"Nowy iPhone 17 vs iPhone 16 - zobacz, co się zmieniło"
BIZNES,Zmiany w kolejnej spółce Polsatu. Żona Solorza traci stanowisko
BIZNES,Nowy kurs w państwowych spółkach. Wojciech Balczun o planach
BIZNES,Komisja Europejska zdecydowała w sprawie wielkiego przejęcia w polskiej bankowości
BIZNES,"Polska jest silnym krajem, a nasi przedsiębiorcy mogą być świetnymi partnerami biznesowymi amerykańskich gigantów"
BIZNES,"Zamknięcie granicy z Białorusią uderzy w tę branżę. ""Będą perturbacje"""
BIZNES,Miliardy na górnictwo w nowym projekcie. Na co mogą liczyć górnicy?
BIZNES,Dwa miliardy na ratunek Poczty Polskiej. Projekt opuścił komisję sejmową
BIZNES,Miliardowe kontrakty dla państwa pod lupą CBA. Prezes spółki zatrzymany
BIZNES,"Ugoda na 3,3 mld dol. Fox News pozostaje pod jednym przywództwem"
BIZNES,"Najlepsze programy lojalnościowe dla biznesu – TOP 5 systemów, które pozwolą firmie przyciągnąć i utrzymać klientów"
BIZNES,Nowe prawo zamówień publicznych. Rodzime firmy zyskują przewagę
BIZNES,Setki Koreańczyków zatrzymanych w USA. Hyundai i LG płacą za wielką akcję
BIZNES,Tesla traci udziały w amerykańskim rynku. Najgorsze wyniki od prawie ośmiu lat
BIZNES,Afera z polskim biznesmenem. Zatrudnił ochronę po fali hejtu
BIZNES,Na produkcji ciastek wyrosły gigahotele. Tak zaczynał Tadeusz Gołębiewski
BIZNES,Excel z turbo doładowaniem AI. Tracelight odmienia pracę analityków za sprawą sztucznej inteligencji
BIZNES,Jest zgoda na przejęcie na polskim rynku finansowym. Historia zatoczyła koło
BIZNES,"""Gotówka to jeden z filarów transformacji"". Prezes Poczty Polskiej zdradza plany"
BIZNES,Nie tylko e-commerce. Nowoczesne marki technologiczne chcą być bliżej klienta
BIZNES,Polskie górnictwo wciąż na minusie. Państwo szykuje kolejne miliardy wsparcia
BIZNES,Giorgio Armani nie żyje. Stworzył modowe i biznesowe imperium
BIZNES,Ukraińcy podpisali kontrakt z polską zbrojeniówką. Chodzi o amunicję
BIZNES,Orlen podał dane z wakacyjnej promocji. Tylu kierowców skorzystało
BIZNES,Długo wyczekiwane zmiany w Ryanairze. Pasażerowie zacierają ręce
BIZNES,Alstom z najkorzystniejszą ofertą w wielkim przetargu dla PKP Intercity
BIZNES,"Popularny prom może zakończyć działalność. ""Niski poziom Wisły"""
BIZNES,List żelazny dla Henryka Kani wciąż niepewny. Prokuratura musi uzupełnić dowody
BIZNES,Polski milioner odebrał czapkę dziecku podczas US Open. Fala krytyki jest olbrzymia
BIZNES,InPost i Bloq.it łączą siły. Wieloletnia współpraca i 20 tys. szafek dla europejskiej ekspansji
BIZNES,Od garażu do robotów. Jak cyfryzacja zmienia polski biznes rodzinny
BIZNES,Grupa Sokołów ma 25 lat. Rozwój zbudowany na inwestycjach i innowacjach
BIZNES,"Niektóre klocki LEGO nie trafią do USA i Kanady. ""Współpracujemy z naszymi partnerami, aby jak najszybciej rozwiązać tę sytuację"""
BIZNES,"Polska firma pod ostrzałem Ukrainców. Polacy: ""wygrywamy w sądach 9:0"""
BIZNES,"Nowy mega przetarg na laptopy, stare grzechy. Tempo realizacji KPO wszystko zmienia"
BIZNES,Nieoficjalnie: Zygmunt Solorz szykuje się do przełomowej inwestycji
BIZNES,Nocna prohibicja w Warszawie pod znakiem zapytania. Radni zajmą się pomysłem
BIZNES,"Polski ""król nakrętek"" sprzedał biznes Włochom. Zgarnął grube miliony euro"
BIZNES,Zmiany w zarządzie Orlenu. Trzy kluczowe stanowiska do obsadzenia
BIZNES,Zarząd w trybie decyzji. Co naprawdę napędza dekarbonizację w polskich firmach?
BIZNES,Polska w ogonie Europy. Czy transformacja cyfrowa w holistycznym podejściu może odwrócić niekorzystny trend?
BIZNES,"RFK Jr. zatopił 500 mln dol. na rozwój szczepionek mRNA. Twierdzi, że ""nie chronią skutecznie"""
BIZNES,Kadrowe trzęsienie ziemi w Orlenie. Dwie osoby odwołane z zarządu
BIZNES,Orlen chce ulg podatkowych. Proponuje nowe progi dla gazu i ropy
BIZNES,Niemiecki gigant zbrojeniowy zainwestuje ponad 1 mld euro w Bułgarii
BIZNES,Używana elektronika w centrum uwagi. Czy polscy sprzedawcy wykorzystują ten trend?
BIZNES,Nowa energia górskiego regionu. Ziemia Kłodzka zyskuje drugie życie
WYPADEK,O krok od tragedii. 67-latka niemal potrąciła pieszych na pasach
WYPADEK,Policyjny pościg za 35-latkiem bez prawa jazdy i z narkotykami
WYPADEK,Wjechał hulajnogą na przejście i uderzył w osobówkę. 8-latek trafił do szpitala
WYPADEK,Autobus i rowerzystka - poważne zdarzenie w Międzyzdrojach
WYPADEK,Potrącenie 9-letniej dziewczynki na ulicy Pamiątki
WYPADEK,"Wjechała na przejazd kolejowy, kiedy zamykały się rogatki"
WYPADEK,"Do 20 lat więzienia grozi kierowcy, który śmiertelnie potrącił 78-letnią rowerzystkę, a potem uciekł"
WYPADEK,"Pod prąd na rondzie, wprost na nadjeżdżający radiowóz"
WYPADEK,Wjechał hulajnogą elektryczną wprost pod nadjeżdżające auto
WYPADEK,13-latek uciekał audi przed ostrowieckimi policjantami
WYPADEK,Szponcił na drodze - zatrzymali go policjanci
WYPADEK,"Uciekał przed policjantami, bo nie posiadał uprawnień do kierowania. 28-latek zatrzymany po pościgu"
WYPADEK,Policjanci z Kluczborka uratowali życie 87-latkowi
WYPADEK,Na drodze nie ma miejsca na alkohol – działania „Trzeźwy wieczór” na lubuskich drogach
WYPADEK,Tymczasowy areszt dla 47-letniego sprawcy tragicznego wypadku drogowego
WYPADEK,Sprawdź światła pojazdu. Bezpłatnie!
WYPADEK,52-latek zatrzymany po policyjnym pościgu. Kierował bez uprawnień i pod wpływem narkotyków
WYPADEK,Śmiertelne potrącenie motorowerzysty w powiecie parczewskim
WYPADEK,Potrącił pieszego i uciekł - zarzuty dla 80-letniego kierowcy
WYPADEK,Niebezpieczne zdarzenie przed przejazdem drogowo-kolejowym
WYPADEK,Bezpieczne Andrzejki 2025
WYPADEK,Nie ustąpił pierwszeństwa i doprowadził do kolizji
WYPADEK,"Policyjne działania ""Prędkość"""
WYPADEK,Policyjny pościg ulicami Wrocławia. Uciekinierzy doprowadzili do poważnego wypadku
WYPADEK,Nietrzeźwy kierujący bez uprawnień uderzył w latarnię - sprawa trafi do sądu
WYPADEK,Policyjny pościg zakończony zatrzymaniem
WYPADEK,Nocny pościg w Zielonej Górze. Policjanci zatrzymali kierowcę z trzema zakazami i dwoma listami gończymi
WYPADEK,Policjanci ewakuowali osoby uwięzione przez zamieć śnieżną w swoich samochodach
WYPADEK,15-latek pędził hulajnogą elektryczną środkiem jezdni
WYPADEK,Tafla lodu spadła z naczepy wprost przed policyjny radiowóz
WYPADEK,O krok od tragedii. 67-latka niemal potrąciła pieszych na pasach
WYPADEK,Policyjny pościg za 35-latkiem bez prawa jazdy i z narkotykami
WYPADEK,Wjechał hulajnogą na przejście i uderzył w osobówkę. 8-latek trafił do szpitala
WYPADEK,Autobus i rowerzystka - poważne zdarzenie w Międzyzdrojach
WYPADEK,Potrącenie 9-letniej dziewczynki na ulicy Pamiątki
WYPADEK,"Wjechała na przejazd kolejowy, kiedy zamykały się rogatki"
WYPADEK,"Do 20 lat więzienia grozi kierowcy, który śmiertelnie potrącił 78-letnią rowerzystkę, a potem uciekł"
WYPADEK,"Pod prąd na rondzie, wprost na nadjeżdżający radiowóz"
WYPADEK,Wjechał hulajnogą elektryczną wprost pod nadjeżdżające auto
WYPADEK,13-latek uciekał audi przed ostrowieckimi policjantami
WYPADEK,Szponcił na drodze - zatrzymali go policjanci
WYPADEK,"Uciekał przed policjantami, bo nie posiadał uprawnień do kierowania. 28-latek zatrzymany po pościgu"
WYPADEK,Policjanci z Kluczborka uratowali życie 87-latkowi
WYPADEK,Na drodze nie ma miejsca na alkohol – działania „Trzeźwy wieczór” na lubuskich drogach
WYPADEK,Tymczasowy areszt dla 47-letniego sprawcy tragicznego wypadku drogowego
WYPADEK,Sprawdź światła pojazdu. Bezpłatnie!
WYPADEK,52-latek zatrzymany po policyjnym pościgu. Kierował bez uprawnień i pod wpływem narkotyków
WYPADEK,Śmiertelne potrącenie motorowerzysty w powiecie parczewskim
WYPADEK,Potrącił pieszego i uciekł - zarzuty dla 80-letniego kierowcy
WYPADEK,Niebezpieczne zdarzenie przed przejazdem drogowo-kolejowym
WYPADEK,Bezpieczne Andrzejki 2025
WYPADEK,Nie ustąpił pierwszeństwa i doprowadził do kolizji
WYPADEK,"Policyjne działania ""Prędkość"""
WYPADEK,Policyjny pościg ulicami Wrocławia. Uciekinierzy doprowadzili do poważnego wypadku
WYPADEK,Nietrzeźwy kierujący bez uprawnień uderzył w latarnię - sprawa trafi do sądu
WYPADEK,Policyjny pościg zakończony zatrzymaniem
WYPADEK,Nocny pościg w Zielonej Górze. Policjanci zatrzymali kierowcę z trzema zakazami i dwoma listami gończymi
WYPADEK,Policjanci ewakuowali osoby uwięzione przez zamieć śnieżną w swoich samochodach
WYPADEK,15-latek pędził hulajnogą elektryczną środkiem jezdni
WYPADEK,Tafla lodu spadła z naczepy wprost przed policyjny radiowóz
WYPADEK,O krok od tragedii. 67-latka niemal potrąciła pieszych na pasach
WYPADEK,Policyjny pościg za 35-latkiem bez prawa jazdy i z narkotykami
WYPADEK,Wjechał hulajnogą na przejście i uderzył w osobówkę. 8-latek trafił do szpitala
WYPADEK,Autobus i rowerzystka - poważne zdarzenie w Międzyzdrojach
WYPADEK,Potrącenie 9-letniej dziewczynki na ulicy Pamiątki
WYPADEK,"Wjechała na przejazd kolejowy, kiedy zamykały się rogatki"
WYPADEK,"Do 20 lat więzienia grozi kierowcy, który śmiertelnie potrącił 78-letnią rowerzystkę, a potem uciekł"
WYPADEK,"Pod prąd na rondzie, wprost na nadjeżdżający radiowóz"
WYPADEK,Wjechał hulajnogą elektryczną wprost pod nadjeżdżające auto
WYPADEK,13-latek uciekał audi przed ostrowieckimi policjantami
WYPADEK,Szponcił na drodze - zatrzymali go policjanci
WYPADEK,"Uciekał przed policjantami, bo nie posiadał uprawnień do kierowania. 28-latek zatrzymany po pościgu"
WYPADEK,Policjanci z Kluczborka uratowali życie 87-latkowi
WYPADEK,Na drodze nie ma miejsca na alkohol – działania „Trzeźwy wieczór” na lubuskich drogach
WYPADEK,Tymczasowy areszt dla 47-letniego sprawcy tragicznego wypadku drogowego
WYPADEK,Sprawdź światła pojazdu. Bezpłatnie!
WYPADEK,52-latek zatrzymany po policyjnym pościgu. Kierował bez uprawnień i pod wpływem narkotyków
WYPADEK,Śmiertelne potrącenie motorowerzysty w powiecie parczewskim
WYPADEK,Potrącił pieszego i uciekł - zarzuty dla 80-letniego kierowcy
WYPADEK,Niebezpieczne zdarzenie przed przejazdem drogowo-kolejowym
WYPADEK,Bezpieczne Andrzejki 2025
WYPADEK,Nie ustąpił pierwszeństwa i doprowadził do kolizji
WYPADEK,"Policyjne działania ""Prędkość"""
WYPADEK,Policyjny pościg ulicami Wrocławia. Uciekinierzy doprowadzili do poważnego wypadku
WYPADEK,Nietrzeźwy kierujący bez uprawnień uderzył w latarnię - sprawa trafi do sądu
WYPADEK,Policyjny pościg zakończony zatrzymaniem
WYPADEK,Nocny pościg w Zielonej Górze. Policjanci zatrzymali kierowcę z trzema zakazami i dwoma listami gończymi
WYPADEK,Policjanci ewakuowali osoby uwięzione przez zamieć śnieżną w swoich samochodach
WYPADEK,15-latek pędził hulajnogą elektryczną środkiem jezdni
WYPADEK,Tafla lodu spadła z naczepy wprost przed policyjny radiowóz
WYPADEK,O krok od tragedii. 67-latka niemal potrąciła pieszych na pasach
WYPADEK,Policyjny pościg za 35-latkiem bez prawa jazdy i z narkotykami
WYPADEK,Wjechał hulajnogą na przejście i uderzył w osobówkę. 8-latek trafił do szpitala
WYPADEK,Autobus i rowerzystka - poważne zdarzenie w Międzyzdrojach
WYPADEK,Potrącenie 9-letniej dziewczynki na ulicy Pamiątki
WYPADEK,"Wjechała na przejazd kolejowy, kiedy zamykały się rogatki"
WYPADEK,"Do 20 lat więzienia grozi kierowcy, który śmiertelnie potrącił 78-letnią rowerzystkę, a potem uciekł"
WYPADEK,"Pod prąd na rondzie, wprost na nadjeżdżający radiowóz"
WYPADEK,Wjechał hulajnogą elektryczną wprost pod nadjeżdżające auto
WYPADEK,13-latek uciekał audi przed ostrowieckimi policjantami
WYPADEK,Szponcił na drodze - zatrzymali go policjanci
WYPADEK,"Uciekał przed policjantami, bo nie posiadał uprawnień do kierowania. 28-latek zatrzymany po pościgu"
WYPADEK,Policjanci z Kluczborka uratowali życie 87-latkowi
WYPADEK,Na drodze nie ma miejsca na alkohol – działania „Trzeźwy wieczór” na lubuskich drogach
WYPADEK,Tymczasowy areszt dla 47-letniego sprawcy tragicznego wypadku drogowego
WYPADEK,Sprawdź światła pojazdu. Bezpłatnie!
WYPADEK,52-latek zatrzymany po policyjnym pościgu. Kierował bez uprawnień i pod wpływem narkotyków
WYPADEK,Śmiertelne potrącenie motorowerzysty w powiecie parczewskim
WYPADEK,Potrącił pieszego i uciekł - zarzuty dla 80-letniego kierowcy
WYPADEK,Niebezpieczne zdarzenie przed przejazdem drogowo-kolejowym
WYPADEK,Bezpieczne Andrzejki 2025
WYPADEK,Nie ustąpił pierwszeństwa i doprowadził do kolizji
WYPADEK,"Policyjne działania ""Prędkość"""
WYPADEK,Policyjny pościg ulicami Wrocławia. Uciekinierzy doprowadzili do poważnego wypadku
WYPADEK,Nietrzeźwy kierujący bez uprawnień uderzył w latarnię - sprawa trafi do sądu
WYPADEK,Policyjny pościg zakończony zatrzymaniem
WYPADEK,Nocny pościg w Zielonej Górze. Policjanci zatrzymali kierowcę z trzema zakazami i dwoma listami gończymi
WYPADEK,Policjanci ewakuowali osoby uwięzione przez zamieć śnieżną w swoich samochodach
WYPADEK,15-latek pędził hulajnogą elektryczną środkiem jezdni
WYPADEK,Tafla lodu spadła z naczepy wprost przed policyjny radiowóz
WYPADEK,O krok od tragedii. 67-latka niemal potrąciła pieszych na pasach
WYPADEK,Policyjny pościg za 35-latkiem bez prawa jazdy i z narkotykami
WYPADEK,Wjechał hulajnogą na przejście i uderzył w osobówkę. 8-latek trafił do szpitala
WYPADEK,Autobus i rowerzystka - poważne zdarzenie w Międzyzdrojach
WYPADEK,Potrącenie 9-letniej dziewczynki na ulicy Pamiątki
WYPADEK,"Wjechała na przejazd kolejowy, kiedy zamykały się rogatki"
WYPADEK,"Do 20 lat więzienia grozi kierowcy, który śmiertelnie potrącił 78-letnią rowerzystkę, a potem uciekł"
WYPADEK,"Pod prąd na rondzie, wprost na nadjeżdżający radiowóz"
WYPADEK,Wjechał hulajnogą elektryczną wprost pod nadjeżdżające auto
WYPADEK,13-latek uciekał audi przed ostrowieckimi policjantami
WYPADEK,Szponcił na drodze - zatrzymali go policjanci
WYPADEK,"Uciekał przed policjantami, bo nie posiadał uprawnień do kierowania. 28-latek zatrzymany po pościgu"
WYPADEK,Policjanci z Kluczborka uratowali życie 87-latkowi
WYPADEK,Na drodze nie ma miejsca na alkohol – działania „Trzeźwy wieczór” na lubuskich drogach
WYPADEK,Tymczasowy areszt dla 47-letniego sprawcy tragicznego wypadku drogowego
WYPADEK,Sprawdź światła pojazdu. Bezpłatnie!
WYPADEK,52-latek zatrzymany po policyjnym pościgu. Kierował bez uprawnień i pod wpływem narkotyków
WYPADEK,Śmiertelne potrącenie motorowerzysty w powiecie parczewskim
WYPADEK,Potrącił pieszego i uciekł - zarzuty dla 80-letniego kierowcy
WYPADEK,Niebezpieczne zdarzenie przed przejazdem drogowo-kolejowym
WYPADEK,Bezpieczne Andrzejki 2025
WYPADEK,Nie ustąpił pierwszeństwa i doprowadził do kolizji
WYPADEK,"Policyjne działania ""Prędkość"""
WYPADEK,Policyjny pościg ulicami Wrocławia. Uciekinierzy doprowadzili do poważnego wypadku
WYPADEK,Nietrzeźwy kierujący bez uprawnień uderzył w latarnię - sprawa trafi do sądu
WYPADEK,Policyjny pościg zakończony zatrzymaniem
WYPADEK,Nocny pościg w Zielonej Górze. Policjanci zatrzymali kierowcę z trzema zakazami i dwoma listami gończymi
WYPADEK,Policjanci ewakuowali osoby uwięzione przez zamieć śnieżną w swoich samochodach
WYPADEK,15-latek pędził hulajnogą elektryczną środkiem jezdni
WYPADEK,Tafla lodu spadła z naczepy wprost przed policyjny radiowóz
WYPADEK,O krok od tragedii. 67-latka niemal potrąciła pieszych na pasach
WYPADEK,Policyjny pościg za 35-latkiem bez prawa jazdy i z narkotykami
WYPADEK,Wjechał hulajnogą na przejście i uderzył w osobówkę. 8-latek trafił do szpitala
WYPADEK,Autobus i rowerzystka - poważne zdarzenie w Międzyzdrojach
WYPADEK,Potrącenie 9-letniej dziewczynki na ulicy Pamiątki
WYPADEK,"Wjechała na przejazd kolejowy, kiedy zamykały się rogatki"
WYPADEK,"Do 20 lat więzienia grozi kierowcy, który śmiertelnie potrącił 78-letnią rowerzystkę, a potem uciekł"
WYPADEK,"Pod prąd na rondzie, wprost na nadjeżdżający radiowóz"
WYPADEK,Wjechał hulajnogą elektryczną wprost pod nadjeżdżające auto
WYPADEK,13-latek uciekał audi przed ostrowieckimi policjantami
WYPADEK,Szponcił na drodze - zatrzymali go policjanci
WYPADEK,"Uciekał przed policjantami, bo nie posiadał uprawnień do kierowania. 28-latek zatrzymany po pościgu"
WYPADEK,Policjanci z Kluczborka uratowali życie 87-latkowi
WYPADEK,Na drodze nie ma miejsca na alkohol – działania „Trzeźwy wieczór” na lubuskich drogach
WYPADEK,Tymczasowy areszt dla 47-letniego sprawcy tragicznego wypadku drogowego
WYPADEK,Sprawdź światła pojazdu. Bezpłatnie!
WYPADEK,52-latek zatrzymany po policyjnym pościgu. Kierował bez uprawnień i pod wpływem narkotyków
WYPADEK,Śmiertelne potrącenie motorowerzysty w powiecie parczewskim
WYPADEK,Potrącił pieszego i uciekł - zarzuty dla 80-letniego kierowcy
WYPADEK,Niebezpieczne zdarzenie przed przejazdem drogowo-kolejowym
WYPADEK,Bezpieczne Andrzejki 2025
WYPADEK,Nie ustąpił pierwszeństwa i doprowadził do kolizji
WYPADEK,"Policyjne działania ""Prędkość"""
WYPADEK,Policyjny pościg ulicami Wrocławia. Uciekinierzy doprowadzili do poważnego wypadku
WYPADEK,Nietrzeźwy kierujący bez uprawnień uderzył w latarnię - sprawa trafi do sądu
WYPADEK,Policyjny pościg zakończony zatrzymaniem
WYPADEK,Nocny pościg w Zielonej Górze. Policjanci zatrzymali kierowcę z trzema zakazami i dwoma listami gończymi
WYPADEK,Policjanci ewakuowali osoby uwięzione przez zamieć śnieżną w swoich samochodach
WYPADEK,15-latek pędził hulajnogą elektryczną środkiem jezdni
WYPADEK,Tafla lodu spadła z naczepy wprost przed policyjny radiowóz
WYPADEK,O krok od tragedii. 67-latka niemal potrąciła pieszych na pasach
WYPADEK,Policyjny pościg za 35-latkiem bez prawa jazdy i z narkotykami
WYPADEK,Wjechał hulajnogą na przejście i uderzył w osobówkę. 8-latek trafił do szpitala
WYPADEK,Autobus i rowerzystka - poważne zdarzenie w Międzyzdrojach
WYPADEK,Potrącenie 9-letniej dziewczynki na ulicy Pamiątki
WYPADEK,"Wjechała na przejazd kolejowy, kiedy zamykały się rogatki"
WYPADEK,"Do 20 lat więzienia grozi kierowcy, który śmiertelnie potrącił 78-letnią rowerzystkę, a potem uciekł"
WYPADEK,"Pod prąd na rondzie, wprost na nadjeżdżający radiowóz"
WYPADEK,Wjechał hulajnogą elektryczną wprost pod nadjeżdżające auto
WYPADEK,13-latek uciekał audi przed ostrowieckimi policjantami
WYPADEK,Szponcił na drodze - zatrzymali go policjanci
WYPADEK,"Uciekał przed policjantami, bo nie posiadał uprawnień do kierowania. 28-latek zatrzymany po pościgu"
WYPADEK,Policjanci z Kluczborka uratowali życie 87-latkowi
WYPADEK,Na drodze nie ma miejsca na alkohol – działania „Trzeźwy wieczór” na lubuskich drogach
WYPADEK,Tymczasowy areszt dla 47-letniego sprawcy tragicznego wypadku drogowego
WYPADEK,Sprawdź światła pojazdu. Bezpłatnie!
WYPADEK,52-latek zatrzymany po policyjnym pościgu. Kierował bez uprawnień i pod wpływem narkotyków
WYPADEK,Śmiertelne potrącenie motorowerzysty w powiecie parczewskim
WYPADEK,Potrącił pieszego i uciekł - zarzuty dla 80-letniego kierowcy
WYPADEK,Niebezpieczne zdarzenie przed przejazdem drogowo-kolejowym
WYPADEK,Bezpieczne Andrzejki 2025
WYPADEK,Nie ustąpił pierwszeństwa i doprowadził do kolizji
WYPADEK,"Policyjne działania ""Prędkość"""
WYPADEK,Policyjny pościg ulicami Wrocławia. Uciekinierzy doprowadzili do poważnego wypadku
WYPADEK,Nietrzeźwy kierujący bez uprawnień uderzył w latarnię - sprawa trafi do sądu
WYPADEK,Policyjny pościg zakończony zatrzymaniem
WYPADEK,Nocny pościg w Zielonej Górze. Policjanci zatrzymali kierowcę z trzema zakazami i dwoma listami gończymi
WYPADEK,Policjanci ewakuowali osoby uwięzione przez zamieć śnieżną w swoich samochodach
WYPADEK,15-latek pędził hulajnogą elektryczną środkiem jezdni
WYPADEK,Tafla lodu spadła z naczepy wprost przed policyjny radiowóz
WYPADEK,O krok od tragedii. 67-latka niemal potrąciła pieszych na pasach
WYPADEK,Policyjny pościg za 35-latkiem bez prawa jazdy i z narkotykami
WYPADEK,Wjechał hulajnogą na przejście i uderzył w osobówkę. 8-latek trafił do szpitala
WYPADEK,Autobus i rowerzystka - poważne zdarzenie w Międzyzdrojach
WYPADEK,Potrącenie 9-letniej dziewczynki na ulicy Pamiątki
WYPADEK,"Wjechała na przejazd kolejowy, kiedy zamykały się rogatki"
WYPADEK,"Do 20 lat więzienia grozi kierowcy, który śmiertelnie potrącił 78-letnią rowerzystkę, a potem uciekł"
WYPADEK,"Pod prąd na rondzie, wprost na nadjeżdżający radiowóz"
WYPADEK,Wjechał hulajnogą elektryczną wprost pod nadjeżdżające auto
WYPADEK,13-latek uciekał audi przed ostrowieckimi policjantami
WYPADEK,Szponcił na drodze - zatrzymali go policjanci
WYPADEK,"Uciekał przed policjantami, bo nie posiadał uprawnień do kierowania. 28-latek zatrzymany po pościgu"
WYPADEK,Policjanci z Kluczborka uratowali życie 87-latkowi
WYPADEK,Na drodze nie ma miejsca na alkohol – działania „Trzeźwy wieczór” na lubuskich drogach
WYPADEK,Tymczasowy areszt dla 47-letniego sprawcy tragicznego wypadku drogowego
WYPADEK,Sprawdź światła pojazdu. Bezpłatnie!
WYPADEK,52-latek zatrzymany po policyjnym pościgu. Kierował bez uprawnień i pod wpływem narkotyków
WYPADEK,Śmiertelne potrącenie motorowerzysty w powiecie parczewskim
WYPADEK,Potrącił pieszego i uciekł - zarzuty dla 80-letniego kierowcy
WYPADEK,Niebezpieczne zdarzenie przed przejazdem drogowo-kolejowym
WYPADEK,Bezpieczne Andrzejki 2025
WYPADEK,Nie ustąpił pierwszeństwa i doprowadził do kolizji
WYPADEK,"Policyjne działania ""Prędkość"""
WYPADEK,Policyjny pościg ulicami Wrocławia. Uciekinierzy doprowadzili do poważnego wypadku
WYPADEK,Nietrzeźwy kierujący bez uprawnień uderzył w latarnię - sprawa trafi do sądu
WYPADEK,Policyjny pościg zakończony zatrzymaniem
WYPADEK,Nocny pościg w Zielonej Górze. Policjanci zatrzymali kierowcę z trzema zakazami i dwoma listami gończymi
WYPADEK,Policjanci ewakuowali osoby uwięzione przez zamieć śnieżną w swoich samochodach
WYPADEK,15-latek pędził hulajnogą elektryczną środkiem jezdni
WYPADEK,Tafla lodu spadła z naczepy wprost przed policyjny radiowóz
WYPADEK,O krok od tragedii. 67-latka niemal potrąciła pieszych na pasach
WYPADEK,Policyjny pościg za 35-latkiem bez prawa jazdy i z narkotykami
WYPADEK,Wjechał hulajnogą na przejście i uderzył w osobówkę. 8-latek trafił do szpitala
WYPADEK,Autobus i rowerzystka - poważne zdarzenie w Międzyzdrojach
WYPADEK,Potrącenie 9-letniej dziewczynki na ulicy Pamiątki
WYPADEK,"Wjechała na przejazd kolejowy, kiedy zamykały się rogatki"
WYPADEK,"Do 20 lat więzienia grozi kierowcy, który śmiertelnie potrącił 78-letnią rowerzystkę, a potem uciekł"
WYPADEK,"Pod prąd na rondzie, wprost na nadjeżdżający radiowóz"
WYPADEK,Wjechał hulajnogą elektryczną wprost pod nadjeżdżające auto
WYPADEK,13-latek uciekał audi przed ostrowieckimi policjantami
WYPADEK,Szponcił na drodze - zatrzymali go policjanci
WYPADEK,"Uciekał przed policjantami, bo nie posiadał uprawnień do kierowania. 28-latek zatrzymany po pościgu"
WYPADEK,Policjanci z Kluczborka uratowali życie 87-latkowi
WYPADEK,Na drodze nie ma miejsca na alkohol – działania „Trzeźwy wieczór” na lubuskich drogach
WYPADEK,Tymczasowy areszt dla 47-letniego sprawcy tragicznego wypadku drogowego
WYPADEK,Sprawdź światła pojazdu. Bezpłatnie!
WYPADEK,52-latek zatrzymany po policyjnym pościgu. Kierował bez uprawnień i pod wpływem narkotyków
WYPADEK,Śmiertelne potrącenie motorowerzysty w powiecie parczewskim
WYPADEK,Potrącił pieszego i uciekł - zarzuty dla 80-letniego kierowcy
WYPADEK,Niebezpieczne zdarzenie przed przejazdem drogowo-kolejowym
WYPADEK,Bezpieczne Andrzejki 2025
WYPADEK,Nie ustąpił pierwszeństwa i doprowadził do kolizji
WYPADEK,"Policyjne działania ""Prędkość"""
WYPADEK,Policyjny pościg ulicami Wrocławia. Uciekinierzy doprowadzili do poważnego wypadku
WYPADEK,Nietrzeźwy kierujący bez uprawnień uderzył w latarnię - sprawa trafi do sądu
WYPADEK,Policyjny pościg zakończony zatrzymaniem
WYPADEK,Nocny pościg w Zielonej Górze. Policjanci zatrzymali kierowcę z trzema zakazami i dwoma listami gończymi
WYPADEK,Policjanci ewakuowali osoby uwięzione przez zamieć śnieżną w swoich samochodach
WYPADEK,15-latek pędził hulajnogą elektryczną środkiem jezdni
WYPADEK,Tafla lodu spadła z naczepy wprost przed policyjny radiowóz
WYPADEK,O krok od tragedii. 67-latka niemal potrąciła pieszych na pasach
WYPADEK,Policyjny pościg za 35-latkiem bez prawa jazdy i z narkotykami
WYPADEK,Wjechał hulajnogą na przejście i uderzył w osobówkę. 8-latek trafił do szpitala
WYPADEK,Autobus i rowerzystka - poważne zdarzenie w Międzyzdrojach
WYPADEK,Potrącenie 9-letniej dziewczynki na ulicy Pamiątki
WYPADEK,"Wjechała na przejazd kolejowy, kiedy zamykały się rogatki"
WYPADEK,"Do 20 lat więzienia grozi kierowcy, który śmiertelnie potrącił 78-letnią rowerzystkę, a potem uciekł"
WYPADEK,"Pod prąd na rondzie, wprost na nadjeżdżający radiowóz"
WYPADEK,Wjechał hulajnogą elektryczną wprost pod nadjeżdżające auto
WYPADEK,13-latek uciekał audi przed ostrowieckimi policjantami
WYPADEK,Szponcił na drodze - zatrzymali go policjanci
WYPADEK,"Uciekał przed policjantami, bo nie posiadał uprawnień do kierowania. 28-latek zatrzymany po pościgu"
WYPADEK,Policjanci z Kluczborka uratowali życie 87-latkowi
WYPADEK,Na drodze nie ma miejsca na alkohol – działania „Trzeźwy wieczór” na lubuskich drogach
WYPADEK,Tymczasowy areszt dla 47-letniego sprawcy tragicznego wypadku drogowego
WYPADEK,Sprawdź światła pojazdu. Bezpłatnie!
WYPADEK,52-latek zatrzymany po policyjnym pościgu. Kierował bez uprawnień i pod wpływem narkotyków
WYPADEK,Śmiertelne potrącenie motorowerzysty w powiecie parczewskim
WYPADEK,Potrącił pieszego i uciekł - zarzuty dla 80-letniego kierowcy
WYPADEK,Niebezpieczne zdarzenie przed przejazdem drogowo-kolejowym
WYPADEK,Bezpieczne Andrzejki 2025
WYPADEK,Nie ustąpił pierwszeństwa i doprowadził do kolizji
WYPADEK,"Policyjne działania ""Prędkość"""
WYPADEK,Policyjny pościg ulicami Wrocławia. Uciekinierzy doprowadzili do poważnego wypadku
WYPADEK,Nietrzeźwy kierujący bez uprawnień uderzył w latarnię - sprawa trafi do sądu
WYPADEK,Policyjny pościg zakończony zatrzymaniem
WYPADEK,Nocny pościg w Zielonej Górze. Policjanci zatrzymali kierowcę z trzema zakazami i dwoma listami gończymi
WYPADEK,Policjanci ewakuowali osoby uwięzione przez zamieć śnieżną w swoich samochodach
WYPADEK,15-latek pędził hulajnogą elektryczną środkiem jezdni
WYPADEK,Tafla lodu spadła z naczepy wprost przed policyjny radiowóz
POLITYKA,Czy Wołodymyr Zełenski wystąpi w Sejmie? Włodzimierz Czarzasty o ustaleniach
POLITYKA,Tomasz Trela: Najgorzej byłoby ustępować Karolowi Nawrockiemu
POLITYKA,"Czarnek: Partie na prawo od PiS mają 20 proc. poparcia, potrzebujemy nowego programu"
POLITYKA,Prace ekshumacyjne na Ukrainie. Ministra kultury: Nie ma żadnych blokad
POLITYKA,"Zuzanna Dąbrowska: Krzysztof Bosak przestrzega, Robert Bąkiewicz uprzejmie donosi"
POLITYKA,Nowy sondaż: Partia Grzegorza Brauna wyprzedziła Konfederację
POLITYKA,"Jaka ma być Polska 2050? Walka o przywództwo, kierunek i miejsce w koalicji"
POLITYKA,"Prof. Dudek zwrócił się do Tuska. „Jak się nie da, to powinien pan się podać do dymisji”"
POLITYKA,Będą zmiany dotyczące bezpłatnych leków dla seniorów i dzieci. Resort mówi o „racjonalizacji”
POLITYKA,Była kandydatka na prezydenta chce do Sejmu. Sąd zarejestrował partię Joanny Senyszyn
POLITYKA,Szczyt Wschodniej Flanki. Przyjęta deklaracja wskazuje Rosję jako największe zagrożenie
POLITYKA,Konflikt w PiS. Politycy partii reagują na atak Jacka Kurskiego
POLITYKA,Tomasz Trela: Włodzimierzowi Czarzastemu należy się szacunek od Adriana Zandberga
POLITYKA,Rekordowe nakłady na ochronę zdrowia to wciąż za mało? Eksperci o ustawie budżetowej
POLITYKA,Czarzasty przewodniczącym Nowej Lewicy. Zandberg: Wybrali przeszłość
POLITYKA,Sondaż: Sikorski premierem zamiast Tuska? Znamy zdanie Polaków
POLITYKA,"Nawrocki: Tusk przestał być szanowanym graczem, dziś szkodzi bardziej niż Braun"
POLITYKA,Nowa Lewica wybrała nowe władze. Włodzimierz Czarzasty wygrał głosowanie
POLITYKA,Prezydent Zełenski przyleci do Polski. Potwierdził datę wizyty
POLITYKA,Sondaż: Jak Polacy oceniają korzystanie z prawa weta przez Karola Nawrockiego?
POLITYKA,Architektura władzy Donalda Tuska. Jak premier zbudował nowy system rządzenia państwem?
POLITYKA,Jarosław Kaczyński: PiS przygotował projekt zmian w ochronie zdrowia
POLITYKA,Rzecznik rządu: PiS z Konfederacją i Braunem u władzy to najgorszy scenariusz dla Polski
POLITYKA,Co musi poprawić Donald Tusk? O to zapytano wyborców różnych partii
POLITYKA,Juliusz Braun: Media publiczne raczej po staremu
POLITYKA,"Święta u polityków. Pałac bez Chanuki, Sejm bez szopki"
POLITYKA,"Strategia USA kolejnym tematem, który dzieli PiS. Na dwulecie rządu – dobre nastroje w KO"
POLITYKA,Kaczyński został zapytany o spory w PiS. „To pytanie do pana Morawieckiego”
POLITYKA,Potrzebne nowe źródła finansowania ochrony zdrowia. Będzie reforma w KRUS?
POLITYKA,"Nowy sondaż: KO na czele, sześć partii w Sejmie"
POLITYKA,Będzie reforma systemu ochrony zdrowia? Znamy propozycje PSL
POLITYKA,Jacek Nizinkiewicz: Pięć zagrożeń i pięć szans dla koalicji Donalda Tuska po dwóch latach rządów
POLITYKA,Sondaż: Jak wyborcy po dwóch latach oceniają Donalda Tuska w roli premiera?
POLITYKA,"Prezes OTOZ Animals: To błąd Jarosława Kaczyńskiego, jego wyborcy przecież też lubią psy"
POLITYKA,"Jacek Nizinkiewicz: Decyzja Włodzimierza Czarzastego cieszy Tuska, Kwaśniewskiego i... partię Razem"
POLITYKA,„Rzecz w tym”: Jakie podziały naprawdę rządzą polską polityką?
POLITYKA,"Włodzimierz Czarzasty zdecydował, który wicemarszałek Sejmu jest najważniejszy"
POLITYKA,"Nowy sondaż: Najwięcej zyskuje PiS, katastrofa PSL i Polski 2050"
POLITYKA,Włodzimierz Czarzasty wystartuje w wyborach na przewodniczącego Nowej Lewicy
POLITYKA,"Karol Nawrocki: Europa pogrążona w chaosie. Trump mówi to, czego Zachód nie chciał słyszeć"
POLITYKA,Ryszard Petru pytany o zmianę premiera: Gdyby notowania spadały jest potrzeba zmiany
POLITYKA,"Dwa lata rządów Donalda Tuska. Polacy mówią, jak im się żyje i czego oczekują"
POLITYKA,Lewica idzie na całość i składa radykalną reformę systemu ochrony zdrowia
POLITYKA,"Sławomir Cenckiewicz: Jest okazja, żeby odwiesić pobór do wojska"
POLITYKA,Demonstranci zagłuszali Jarosława Kaczyńskiego przed pomnikiem smoleńskim. Nazwał ich zbrodniarzami
POLITYKA,Spotkanie Karola Nawrockiego z Wołodymyrem Zełenskim. Kancelaria Prezydenta wskazała miejsce
POLITYKA,Polskie myśliwce MiG-29 dla Ukrainy. Kosiniak-Kamysz: „Chcemy to sfinalizować jak najszybciej”
POLITYKA,"Liberum veto w KPO: jedni nie mają nic, inni dostali 1,4 mln zł za 7 wniosków"
POLITYKA,Bogusław Chrabota: Nawrocki przegra z łańcuchem?
POLITYKA,Jacek Czaputowicz: Nieoczekiwany sojusz prezydenta Nawrockiego i Konferencji Ambasadorów RP
POLITYKA,Sondaż. Tylko cztery partie w Sejmie. Ugrupowanie Grzegorza Brauna mocno w górę
POLITYKA,Szymon Hołownia podjął decyzję w kwestii wyborów na szefa Polski 2050
POLITYKA,Zuzanna Dąbrowska: Jarosław Kaczyński chce przyszponcić z młodzieżą
POLITYKA,Jarosław Kaczyński traci posłuch w PiS. Podzielonej partii przybywa problemów
POLITYKA,Donald Tusk: Rząd przyjmie ponownie projekt ustawy o kryptowalutach
POLITYKA,Dlaczego NIK sfinansował delegację Jakuba Banasia na Białoruś?
POLITYKA,"Karol Nawrocki zawetował tzw. ustawę łańcuchową. Wiemy, jak oceniają to Polacy"
POLITYKA,"Europoseł Polski 2050: Niewytłumaczalne, że Polski nie ma przy rozmowach pokojowych"
POLITYKA,Jacek Gawryszewski: Afera podsłuchowa była możliwa z powodu ego polityków
POLITYKA,"Reforma PIP: Gra o miliardy z KPO, decydującą rolę odegra PiS?"
POLITYKA,PiS chce przekonać młodzież. Partia Kaczyńskiego odwołuje się do pomysłu Charliego Kirka
POLITYKA,"Kaczyński mówi, że PiS będzie chciał przekonywać do siebie głosujących na Brauna"
POLITYKA,Polska ma być na rok zwolniona z relokacji migrantów. Rząd ogłasza sukces
POLITYKA,"Jacek Sasin: Donald Tusk wpędza nas w izolację, jesteśmy w potężnej opresji"
POLITYKA,Czy Karol Nawrocki zawetuje rekordową liczbę ustaw? Historia prezydenckich wet w III RP
POLITYKA,Nowy sondaż: KO wyraźnie przed PiS. Jakiej koalicji Polacy nie chcą?
POLITYKA,Kolejna przepychanka słowna Sikorski-Musk? „Leć na Marsa”
POLITYKA,22 mln wyświetleń. Tusk bije rekordy w serwisie X
POLITYKA,Ćwiek-Świdecka: Lepsza łata niż reforma. Kto odważy się naprawić polską ochronę zdrowia?
POLITYKA,"Karol Nawrocki w rocznicę powstania Radia Maryja: Głosiciel prawdy, jedności i wierności"
POLITYKA,Dokumenty Aleksandra Kwaśniewskiego trafiły do archiwum. Gdzie będzie można je zobaczyć?
POLITYKA,"Donald Tusk: Tak długo, jak KO będzie u władzy, Polska będzie bezpieczna"
POLITYKA,Sejm nie odrzucił weta Nawrockiego. Tusk: To bardzo dziwnie wygląda
POLITYKA,"Zdrowie już wybuchło rządowi w rękach, co z 2027? Nawrocki kontra psy na łańcuchach"
POLITYKA,Żurek zdradził szczegóły z tajnej części posiedzenia Sejmu? „To przestępstwo”
POLITYKA,Sejm nie odrzucił weta prezydenta Karola Nawrockiego. Kto jak głosował?
POLITYKA,Zbigniew Ziobro opuścił Węgry. Radosław Sikorski: sam sobie gra na nosie
POLITYKA,Minister zdrowia: Składka zdrowotna już nie wystarcza na finansowanie ochrony zdrowia
POLITYKA,Estera Flieger: Gambit Donalda Tuska w Berlinie
POLITYKA,"Szara eminencja Sejmu. Kim jest myśliwy, któremu ufają wszyscy marszałkowie?"
POLITYKA,"Najnowszy sondaż partyjny. Poparcie tracą i KO i PiS, zyskuje Konfederacja"
POLITYKA,Pogłoski o politycznej śmierci Morawieckiego są przesadzone. Kaczyński go potrzebuje
POLITYKA,Premier Donald Tusk chce utajnić posiedzenie Sejmu. Zwrócił się do marszałka Czarzastego
POLITYKA,"Dr Bonikowska: Odkąd Trump jest prezydentem, Rosja uwierzyła, że może wygrać wojnę"
POLITYKA,"Wiceminister finansów w rządzie PiS usłyszał zarzuty. Miał przyjąć ponad 1,5 mln zł łapówek"
POLITYKA,"Krzysztof Bosak: Głosowali za ustawą, a teraz popierają weto? Nie czytają ustaw lub nie mają poglądów"
POLITYKA,Polska chce dołączyć do G20. Marco Rubio zapowiedział zaproszenie od USA
POLITYKA,Rząd zablokował aukcję artefaktów związanych z Holokaustem. Podobne można kupić na Allegro
POLITYKA,Komisja Etyki Poselskiej podjęła decyzję ws. Kaczyńskiego. Prezes PiS z kolejną naganą
POLITYKA,Waldemar Żurek: Grzegorz Braun jest jak osiedlowy bandzior. Nie uniknie odpowiedzialności
POLITYKA,„Rzecz w tym”: Tusk kontra Berlin. Jak Polacy wyemancypowali się z wpływu Niemiec
POLITYKA,Ministerstwo Zdrowia bez wsparcia koalicjantów. Czy jego szefowa pożegna się z resortem?
POLITYKA,Zuzanna Dąbrowska: Norki wygrały z psami
POLITYKA,"Sławomir Mentzen: Jarosław Kaczyński wywołał wojnę, na której zyskał Grzegorz Braun"
POLITYKA,Ustawa łańcuchowa. Sejm spróbuje odrzucić weto prezydenta
POLITYKA,Lewica chce likwidacji składki zdrowotnej. Proponuje nowy podatek
POLITYKA,Zadośćuczynienie dla polskich ofiar wojny. Co proponowały Niemcy?
POLITYKA,"Karol Nawrocki zawetował ustawę, za którą głosował Jarosław Kaczyński"
POLITYKA,Marcin Przydacz o zadośćuczynieniach od Niemiec: Donald Tusk chce przyjmować na siebie odpowiedzialność
POLITYKA,Donald Tusk zapowiada ponowne przyjęcie ustawy o rynku kryptowalut. „Szansa dla prezydenta”
POLITYKA,"Krzysztof Bosak: uważam, że prezydent Karol Nawrocki powinien wetować więcej"
POLITYKA,Adrian Zandberg: Weta Karola Nawrockiego są z ducha balcerowiczowskie
POLITYKA,Rząd będzie miał swój szczyt medyczny. Jest odpowiedź na ruch Karola Nawrockiego
POLITYKA,"Czarzasty: Nie lepiej powiedzieć prezydentowi „nie dawaj ustaw, z których się śmieją?”"
POLITYKA,Kolejny dobry sondaż dla Karola Nawrockiego. Spora jest grupa niezdecydowanych
POLITYKA,PiS rozrywany najgłębszymi konfliktami od lat. Ale słowo na „R” jeszcze nie pada
POLITYKA,Reparacje. Kaczyński oburzony deklaracją Tuska. „Aż nie chce się wierzyć!”
POLITYKA,"Michał Szułdrzyński: Orbán, Putin i Konfederacja. Dlaczego decyzja prezydenta Nawrockiego była słuszna"
POLITYKA,Dymisja w rządzie. Odchodzi wiceszef MSWiA
POLITYKA,Niebezpieczne związki Mariana Banasia. Wystąpił w kanale oskarżonego o szpiegostwo
POLITYKA,Waldemar Żurek o Zbigniewie Ziobrze: Jest w pułapce i robi dobrą minę do złej gry
POLITYKA,Rafał Trzaskowski dał podwyżki swoim pracownikom. Ile można zarobić w urzędzie?
POLITYKA,Zbadano podejście do Tuska i Nawrockiego. Komu bardziej ufają Polacy?
POLITYKA,"Marta Cienkowska, minister kultury: Mamy przełom w relacjach z Niemcami"
POLITYKA,Nawrocki jednak nie spotka się z Orbánem w Budapeszcie. Podano powód
POLITYKA,Brak asertywności wobec Niemiec będzie zwycięstwem prawicy
POLITYKA,"Sondaż: Nawrocki czy Trzaskowski? Wiemy, na kogo teraz postawiliby Polacy"
POLITYKA,Sondaż. Druga kadencja Karola Nawrockiego? Stała linia podziału wśród Polaków
POLITYKA,Partia Razem rusza w Polskę. Jaki ma plan na gospodarkę?
POLITYKA,"Wojna w PiS bez końca i na wielu frontach jednocześnie, machina Tuska się rozkręca"
POLITYKA,Jesienne przebudzenie Donalda Tuska. Dlaczego KO deklasuje PiS w sondażach?
POLITYKA,Patryk Jaki: trudno mi sobie wyobrazić politykę zagraniczną w rządzie z Konfederacjami. Obiema
POLITYKA,Sondaż: Spada zaufanie do prezydenta Karola Nawrockiego
POLITYKA,Powrót SLD. Działacze z okresu świetności Sojuszu wracają do władzy
POLITYKA,Radosław Sikorski: Prezydent nie jest upoważniony do mówienia w imieniu całej Polski
POLITYKA,"Sondaż. Koalicja Obywatelska na prowadzeniu, ale rządzić by mogła koalicja opozycji"
POLITYKA,Michał Szułdrzyński: Jak Jarosław Kaczyński Grzegorza Brauna wyhodował
POLITYKA,Senatorowie nie będą musieli przepraszać. Nie będzie rewolucji w regulaminie izby
POLITYKA,Ambasador Ukrainy: Nie wolno rosyjskich zbrodniarzy puszczać ponownie w cywilizowany świat
POLITYKA,"Nowy sondaż: KO na czele, najszybciej rośnie poparcie dla partii Grzegorza Brauna"
POLITYKA,Odmowa prezydenta Karola Nawrockiego. Nie przyznał orderów i odznaczeń w służbach specjalnych
POLITYKA,PiS chce bić się z Konfederacją o młodych
POLITYKA,"„Rzecz w tym”: Co naprawdę mówią sondaże? Polaryzacja, Nawrocki i gra o 2027 rok"
POLITYKA,Zuzanna Dąbrowska: Kto się zajmie bezpieczeństwem Polski?
POLITYKA,Grzegorz Schetyna o prezydencie Nawrockim: Buduje radykalne zaplecze na prawo od PiS
POLITYKA,Kulisy działania Funduszu Sprawiedliwości. Ujawniono e-maile Marii Kurowskiej
POLITYKA,Michał Dworczyk: Ukraina przegrywa wojnę. Dlaczego Rosja miałaby przyjąć plan pokojowy?
POLITYKA,"Joanna Mucha: Trzecia Droga to był zły pomysł, powinniśmy od razu startować sami"
POLITYKA,Sondaż partyjny: Utrwala się pozytywny trend dla KO i negatywny dla PiS
POLITYKA,Ambasador Izraela w MSZ. Poinformowano o przebiegu rozmowy
POLITYKA,Karol Nawrocki przedstawił swoją wizję Unii Europejskiej. Jest reakcja Radosława Sikorskiego
POLITYKA,Krzysztof Bosak: Stworzono miraż o pozycji Polski. Można zawrzeć uzgodnienia bez naszego udziału
POLITYKA,Sondaż zaufania IBRiS: Karol Nawrocki blisko rekordowego wyniku
POLITYKA,Marcin Matczak przyciąga tłumy. Czy tata Maty chce być prezydentem?
POLITYKA,Rap Janusza Korwin-Mikkego bez konsekwencji. Nie odpowie za „szatkowanie socjalistów”
POLITYKA,Sondaż: Czy Polska 2050 powinna otrzymać tekę wicepremiera? Polacy odpowiedzieli
POLITYKA,Wydział Konwojowy na posiedzeniu ws. Ziobry. Chodzi o natychmiastowe wykonanie decyzji sądu?
POLITYKA,Donald Tusk: Część z 28 punktów Donalda Trumpa nie do zaakceptowania
POLITYKA,Ugrupowanie Brauna potencjalnym koalicjantem PiS-u? „Kaczyński dziś o tym nie powie”
POLITYKA,Czym będzie „marszałkowskie weto”. Europosłanka Lewicy wyjaśnia
POLITYKA,Prawdziwa walka o Polskę 2050. Stawka większa niż fotel szefa partii
POLITYKA,Plan Trumpa dla Ukrainy niebezpieczny dla Polski. Prezydent i rząd chcą zmian
POLITYKA,Sondaż: Czy Włodzimierz Czarzasty będzie lepszym marszałkiem niż Szymon Hołownia?
POLITYKA,Między młotem a kowadłem. Resort zdrowia w swoim pierwszym wielkim kryzysie
POLITYKA,Napięcie na linii Kaczyński-Nawrocki? Powodem prawa zwierząt
POLITYKA,Pierwsze orędzie marszałka Sejmu Włodzimierza Czarzastego: To będą dwa lata dobre dla Polski
POLITYKA,"Debata o dywersji na zwykłych torach, PiS w coraz większej pułapce trumpizmu"
POLITYKA,Donald Tusk: Akcje dywersyjne Rosji wobec Polski przekroczyły krytyczną granicę
POLITYKA,Nowy sondaż: KO powiększa przewagę nad PiS
POLITYKA,Dywersja na kolei. Szef MON: Zabrakło informacji od strony ukraińskiej
POLITYKA,„Jeszcze nam tusz zabierz”. Zandberg komentuje decyzję Czarzastego
POLITYKA,Polski ambasador zaatakowany w Rosji
POLITYKA,Radni podnieśli pensję Rafałowi Trzaskowskiemu. „To nagroda za brak pracy dla miasta”
POLITYKA,"Kaczyński o ataku na polskiego ambasadora: Retorsje, ale nie bicie ambasadora Rosji"
POLITYKA,Otrzymali milion złotych z programu „Willa plus”. Dworek wystawiono na sprzedaż
POLITYKA,Joanna Mucha: Polska 2050 za dużo straciła na współpracy z PSL. Sami mogliśmy osiągnąć lepszy wynik
POLITYKA,Nowy sondaż: Koalicja Obywatelska ucieka PiS-owi
POLITYKA,"Rządowe stypendium, a potem status uchodźcy. Jak Polska pomogła rosyjskim szpiegom"
POLITYKA,"Wykładziny o strukturze runa i meble odporne na odciski palców. Wiemy, jak zmieni się hotel sejmowy"
POLITYKA,Reakcja rządu na dywersję. Rusza operacja „Horyzont”
POLITYKA,Jacek Nizinkiewicz: Włodzimierz Czarzasty jak kot. Ma dziewięć żyć i zawsze spada na cztery łapy
POLITYKA,Kancelaria Prezydenta odpowiada Radosławowi Sikorskiemu. „Proszę się opamiętać”
POLITYKA,Włodzimierz Czarzasty przedstawił skład Kancelarii. I zakazał sprzedaży alkoholu w Sejmie
POLITYKA,Radosław Sikorski o wysadzeniu torów: To akt terroru państwowego
POLITYKA,Kluzik-Rostkowska: Drugi etap wojny hybrydowej. Może dojść np. do zamachu na polityka
POLITYKA,Tusk kontynuuje kosztujący miliardy program Morawieckiego. Chodzi o emigrantów
POLITYKA,Jest decyzja premiera ws. wprowadzenia trzeciego stopnia alarmowego CHARLIE
POLITYKA,Sikorski odpowiada rzecznikowi Kremla. „Słowo rusofobia jest ciekawe”
POLITYKA,Akty dywersji na kolei: Czy polski rząd odpowiednio zareagował? „Jakby nic się nie stało”
POLITYKA,"Sondaż: Czarzasty powinien zostać marszałkiem Sejmu? Wiemy, co uważają Polacy"
POLITYKA,"Bronisław Komorowski: Pierwszemu obywatelowi RP zarzuca się sutenerstwo, a drugi ma rys aferalny"
POLITYKA,Włodzimierz Czarzasty nowym marszałkiem Sejmu. Jest pierwszy komentarz Nawrockiego
POLITYKA,Co planuje Donald Tusk na wybory 2027? Kulisy wyjazdowego posiedzenia klubu KO
POLITYKA,„Rzecz w tym”: „Faszyści z partii Razem”. Kto zawłaszczył patriotyzm? Bitwa o symbole na lewicy
POLITYKA,W Senacie rotacji nie było. Małgorzata Kidawa-Błońska marszałkiem do końca kadencji
POLITYKA,Sejm zagłosował. Szymon Hołownia został wicemarszałkiem Sejmu
POLITYKA,Donald Tusk: Ustaliliśmy sprawców aktu dywersji na kolei
POLITYKA,Sejm wybiera nowego marszałka. Kto zastąpi Szymona Hołownię? Faworytem Włodzimierz Czarzasty
POLITYKA,Sejm wybrał Włodzimierza Czarzastego na marszałka. Kto jak głosował?
POLITYKA,Bronisław Komorowski: Głosowanie na Włodzimierza Czarzastego to rzecz wątpliwa moralnie
POLITYKA,Akt dywersji na polskiej kolei. Były szef MSWiA: Kierują służby rosyjskie
POLITYKA,Od Sejmfliksa po zaprzysiężenie Nawrockiego. Bilans marszałka Hołowni nie wypada najgorzej
POLITYKA,Alfabet marszałków Sejmu. Jakie hasła dopisze do niego Włodzimierz Czarzasty?
POLITYKA,Tajemnica prezentów dla Karola Nawrockiego. Czego prezydent nie chce ujawnić?
POLITYKA,Włodzimierz Czarzasty będzie skrzydłowym Donalda Tuska? Koniec miękkiej gry w Sejmie
POLITYKA,Akt dywersji na kolei. Co wiadomo? Minister: Doszło do odpalenia ładunku wybuchowego
POLITYKA,Jerzy Surdykowski: Bez optymizmu patrzę na szanse Donalda Tuska
POLITYKA,Uszkodzone tory w woj. mazowieckim. Tusk: Potwierdziły się najgorsze przypuszczenia
POLITYKA,"Sondaż: Czy Zbigniew Ziobro może liczyć w Polsce na uczciwy proces? Wiemy, co sądzą Polacy"
POLITYKA,Prokuratorskie zarzuty dla Mariana Banasia nie kończą sprawy. Co jeszcze grozi byłemu prezesowi NIK?
POLITYKA,PSL stawia na modernizację i inwestycje. Metro w 10 miastach pomoże im wejść do Sejmu?
POLITYKA,Jarosław Kaczyński o Ziobrze: Będziemy go bronić. W wielu sprawach miał rację
POLITYKA,Sondaż: Prezydent odmawia nominacji sędziów i oficerów wywiadu. Jak oceniają to Polacy?
POLITYKA,PSL wybrało nowe władze ugrupowania. Kto został prezesem i szefem Rady Naczelnej?
POLITYKA,Mirosław Żukowski: Cyniczna gra futbolem
POLITYKA,Władysław Kosiniak-Kamysz zapowiada samodzielny start PSL w wyborach
POLITYKA,Grożono prezydentowi Nawrockiemu. Autor gróźb zatrzymany
POLITYKA,Bogusław Chrabota: Race na Narodowym. Czy pan prezydent zabierze głos?
POLITYKA,Prokuratura pozbawia Marcina Romanowskiego polskiego paszportu. To samo czeka Zbigniewa Ziobrę
POLITYKA,Karol Nawrocki podsumował 100 dni swojej prezydentury. „Nie oszczędzałem się”
POLITYKA,"100 dni konfliktu Tusk–Nawrocki – Kaczyński z boku, Hołownia szuka nowej drogi"
POLITYKA,Nieoficjalnie: Karol Nawrocki chce znów zwołać Radę Gabinetową
POLITYKA,Sąd zarejestrował partię Wadima Tyszkiewicza. Czy ma szansę namieszać po liberalnej stronie?
POLITYKA,„Bo przegracie wojnę”. Donald Tusk ostrzega władze Ukrainy w sprawie korupcji
POLITYKA,Więzienie za przekroczenie prędkości na drodze? Wiceminister wyjaśnia sprawę
POLITYKA,"Donald Tusk o Karolu Nawrockim: Nie jestem zaskoczony, ale jest mi przykro"
POLITYKA,Szymon Hołownia na krótkiej liście kandydatów na komisarza ONZ
POLITYKA,"Przemysław Wipler: Wolelibyśmy, żeby Donald Tusk szkodził Niemcom niż Polsce"
POLITYKA,"Prof. Szymon Ossowski: Karol Nawrocki ma dwa cele, chce być „Tuskiem po prawej stronie”"
POLITYKA,Marek Sawicki: Prezydent bardzo mocno odwdzięcza się  PiS za wsparcie w kampanii
POLITYKA,Sondaż. Większość zadowolona z Karola Nawrockiego po pierwszych 100 dniach prezydentury
POLITYKA,Karol Nawrocki – nowy lider obozu prawicowego. Czy Jarosław Kaczyński jest zagrożony?
POLITYKA,„Psiecka nie zastąpią dziecka”. Bosak: Nie szkalować posiadania dzieci
POLITYKA,Szymon Hołownia: Wicemarszałek z PiS? Zagłosowałbym za Markiem Suskim
POLITYKA,Szymon Hołownia: Podpisałem rezygnację z funkcji marszałka Sejmu
POLITYKA,Ostatnie dni partii Sławomira Mentzena. Nową Nadzieję czeka delegalizacja
POLITYKA,Po decyzji Karola Nawrockiego Tomasz Siemoniak chwali współpracę z Andrzejem Dudą
POLITYKA,Matysiak wyrzucona z Razem. Zandberg: Nie ma wiele do komentowania
POLITYKA,Senator KO o braku nominacji dla 46 sędziów: To nie jest sytuacja zero-jedynkowa
POLITYKA,"Szymon Hołownia, symbol polaryzacji. Tak w sondażu ocenili go Polacy"
POLITYKA,"Marek Jurek: Marszałek Hołownia przejdzie do historii jako ten, który zapobiegł zamachowi stanu"
POLITYKA,Paulina Matysiak skreślona z listy członków partii Razem. Posłanka odpowiada
POLITYKA,"Lider zespołu, którego muzyk występuje w hitlerowskim mundurze, odznaczony"
POLITYKA,"Tusk ogłosił sukces. Bryłka: Bzdury, Polska nie została zwolniona z paktu migracyjnego"
POLITYKA,PiS prowadzi w nowym sondażu. To jednak zły znak dla partii Kaczyńskiego
POLITYKA,Działka pod CPK i spotkania polityków KO z przedstawicielami Dawtony. Co wiadomo?
POLITYKA,Kaczyński wziął udział w Marszu Niepodległości. Mastalerek: Jest niewiarygodny
POLITYKA,Sto dni Karola Nawrockiego. Polacy w sondażu ocenili prezydenta
POLITYKA,Bronisław Komorowski o przemówieniu Karola Nawrockiego: Aż strasznie słuchać
POLITYKA,Prof. Mikołaj Cześnik: W opowieści PiS państwo jest dobrą matką
POLITYKA,Szara eminencja rządu Donalda Tuska. Kim jest Maciej Berek?
POLITYKA,"Ziobro składa propozycję prokuraturze. Zgadza się na przesłuchanie, ale nie na areszt"
POLITYKA,"Karol Nawrocki na Placu Piłsudskiego: Nie pozwolę, aby Polska była pawiem i papugą narodów"
POLITYKA,Jędrzej Bielecki: Zakończenie paraliżu rządu USA może doprowadzić Demokratów do zwycięstwa
POLITYKA,"Wiemy, komu Polska cofa azyl. Dominują obywatele jednego kraju"
POLITYKA,W NIK szykuje się rewolucja. Ludzie Mariana Banasia stracą stanowiska?
POLITYKA,"Sondaż: Wiemy, jak Polacy oceniają Marsz Niepodległości"
POLITYKA,"Donald Tusk: Nie ja tracę na działaniach prezydenta Nawrockiego, tylko Polska"
POLITYKA,"Kaleta: Był wyznaczony sędzia, który miał zdecydować o areszcie Ziobry"
POLITYKA,"Sondaż: Czy PiS ma szansę wrócić do władzy w 2027 roku? Wiemy, co uważają Polacy"
POLITYKA,"Mentzen: Kiedy PiS rządzi, trudno go odróżnić od PO"
POLITYKA,Romanowski radzi Ziobrze. „Skorzystałbym z możliwości ochrony prawnej”
POLITYKA,Donald Tusk czy Karol Nawrocki? Którego z nich Polacy postrzegają jako „lepszego” polityka
POLITYKA,Bogusław Chrabota: Czy Zbigniew Ziobro będzie w Budapeszcie bezpieczny
POLITYKA,Od pomocy ofiarom do skandalu. Na czym polega afera Funduszu Sprawiedliwości?
POLITYKA,Europoseł Grzegorz Braun domaga się ochrony kontrwywiadowczej
POLITYKA,Plany Zbigniewa Ziobry? „Nie będą wpisywały się w scenariusz Tuska”
POLITYKA,Karol Nawrocki na Marszu Niepodległości? Prezydent rozwiał wątpliwości
POLITYKA,"„To człowiek, który kłamie każdego dnia”. Marcin Przydacz komentuje słowa Donalda Tuska"
POLITYKA,Sondaż: Kogo najbardziej obciąża sprawa sprzedaży działki pod CPK?
POLITYKA,"PiS ruszy w Polskę. Czy to wystarczy, by przekonać wyborców?"
POLITYKA,Tusk: Prezydent zablokował promocję oficerów wywiadu. Nawrocki: Premier kłamie
POLITYKA,Sejm podjął decyzję ws. zatrzymania i tymczasowego aresztowania Zbigniewa Ziobry
POLITYKA,Jest komentarz Zbigniewa Ziobry po decyzji Sejmu. „Wyszła na jaw ustawka”
POLITYKA,Dziewięciu posłów PiS nie zagłosowało ws. aresztu Zbigniewa Ziobry
POLITYKA,Szymon Hołownia pożegnał się w Sejmie z posłami. „Dziękuję za te dwa lata”
POLITYKA,Polityczne wejście Mariana Banasia. Zakłada stowarzyszenie. Kolejna będzie partia?
POLITYKA,"PiS na wojnie bez końca z Braunem i Konfederacją, Marsz Niepodległości sprawdzi kondycję prawicy"
POLITYKA,"Minister z Lewicy pytany o nowy podatek mówi, że „budżet nie jest z gumy”"
POLITYKA,Zbigniew Bogucki: w sprawie Zbigniewa Ziobry mamy do czynienia z polityczną wendetą
POLITYKA,Sondaż: Zbigniew Ziobro u Viktora Orbána na Węgrzech. Znamy opinię Polaków
POLITYKA,Najnowszy sondaż partyjny. Koalicja Obywatelska umacnia się przed Prawem i Sprawiedliwością
POLITYKA,Komisja regulaminowa podjęła decyzję w sprawie immunitetu Zbigniewa Ziobry
POLITYKA,Dzisiejszy Ziobro zaprzecza Ziobrze sprzed lat. PiS ma problem
POLITYKA,"Zbigniew Ziobro w Budapeszcie. „Otrzymałem informację, że mam być zatrzymany po powrocie”"
POLITYKA,Kwiatkowski: Przypadłość ucieczki jest w byłym Ministerstwie Sprawiedliwości dość powszechna
POLITYKA,Michał Szułdrzyński: Działka pod CPK odkupiona przez państwo. Teraz tylko PiS ma problem z tą aferą
POLITYKA,Ministrowie nie lubią chwalić się prezentami. Niektórymi niedługo nie będą już musieli?
POLITYKA,Michał Wójcik: Donald Tusk chce widzieć Zbigniewa Ziobrę zakutego w kajdanki
POLITYKA,Znany były senator nie wyklucza reaktywacji POPiS-u. Tłumaczy powody i stawia warunek
POLITYKA,Poseł Marcin Józefaciuk odchodzi z klubu KO. Podał powód
POLITYKA,Adam Bodnar: Zbigniew Ziobro powinien trafić do aresztu. Zachodzi obawa mataczenia lub ucieczki
POLITYKA,"Poseł Konfederacji, Krzysztof Szymański o ewentualnej koalicji z KO lub PiS: My nic nie musimy"
POLITYKA,Sondaż: Które partie są dla Polaków ugrupowaniami drugiego wyboru? Dwie się wyróżniają
POLITYKA,"Rewolucja w rzeczach znalezionych. Powstanie centralny rejestr, prawdopodobnie też aplikacja"
POLITYKA,Szymon Hołownia: Dlatego dokonałem zaprzysiężenia Karola Nawrockiego
POLITYKA,Izabela Leszczyna: Problem pieniędzy w ochronie zdrowia będzie zawsze
POLITYKA,Czy KO straci Wrocław? Kulisy politycznego napięcia w stolicy Dolnego Śląska
POLITYKA,"Krzysztof Szymański, poseł Konfederacji: To podstawowy zarzut, jaki mam wobec PiS"
POLITYKA,Joanna Ćwiek-Świdecka: Wielka inba w edukacji. Czy rząd Donalda Tuska straci poparcie nauczycieli?
POLITYKA,Dymisje w KOWR. „Przetrzymano pismo dotyczące działki pod CPK”
POLITYKA,Donald Tusk z apelem do Zbigniewa Ziobry. Mówi o tryumfie prawa i sprawiedliwości
POLITYKA,Bodnar: Ziobro na czele grupy przestępczej? Nie widzę kontrowersji w zarzucie
POLITYKA,"Nieoficjalnie: Karol Nawrocki zdecydował, czy weźmie udział w Marszu Niepodległości"
POLITYKA,Zbigniew Ziobro nie będzie ubiegał się o azyl na Węgrzech
POLITYKA,Cyberataki na Polskę. Czy jesteśmy w stanie kontratakować? Wicepremier odpowiada
POLITYKA,Immunitet pod znakiem zapytania. Czy Zbigniew Ziobro stanie przed sądem?
POLITYKA,"Dlaczego szef KOWR spotkał się z twórcą Dawtony? Mówi, że chodziło o kukurydzę"
POLITYKA,"Krzysztof Bosak o rządach PiS: Oczywiście, że byśmy rozliczali. Uważamy, że jest za co"
POLITYKA,"Europosłanka Konfederacji o sprawie działki pod CPK: I KO, i PiS są ubrudzeni"
POLITYKA,"PSL już ma plan, z kim pójść do wyborów parlamentarnych 2027 r."
POLITYKA,"Sondaż: Zapytaliśmy Polaków, na którą partię na pewno nie zagłosują w wyborach"
POLITYKA,Sondaż. Zmiana na stanowisku premiera? Najbardziej przeciwni sympatycy PiS
POLITYKA,Sondaż: Czy Zbigniew Ziobro powinien trafić do aresztu? Znamy zdanie Polaków
POLITYKA,"Historia tak, pierniki nie – sprawdziliśmy, które wycieczki wyeliminowały tzw. godziny basiowe"
POLITYKA,"Sondaż: Spadek poparcia dla PiS. Partia Kaczyńskiego straciła 2,2 pkt proc. w ciągu dwóch tygodni"
POLITYKA,"PiS demolują trupy z jego szafy, trwa renesans Tuska – tylko na jak długo?"
POLITYKA,Nowy pakt senacki ogłoszony. Marek Woch o współpracy z Grzegorzem Braunem: Nie będziemy czekać
POLITYKA,"Sondaż: Wiemy, jak sprawa sprzedaży działki pod CPK wpłynęła na postrzeganie PiS"
POLITYKA,„Daj plusa na Telusa”. Firma z działką pod CPK robiła kampanijne gadżety dla polityków PiS
POLITYKA,Włodzimierz Czarzasty o działce pod CPK: Hipoteza - 380 mln zł do podziału
POLITYKA,"Nowy ranking zaufania: Karol Nawrocki pierwszy, Szymon Hołownia ostatni"
POLITYKA,Gwiazdor freak fightów pozwał polityków PiS. Sebastian Kaleta straci immunitet?
POLITYKA,"Partia Grzegorza Brauna buduje się po cichu, ale skutecznie. I chce zmienić Konstytucję RP"
POLITYKA,Orbán i Ziobro spotkali się w Budapeszcie. „W absurdalnych czasach żyjemy”
POLITYKA,Zabójcze zagrożenie dla PiS. Konfederacja i partia Brauna mogą zacierać ręce
POLITYKA,Prof. Rafał Chwedoruk: Na sprawie działki pod CPK skorzystać może Konfederacja
POLITYKA,D66 wygrywa z populistami wybory w Holandii. Pierwszy otwarcie homoseksualny premier?
POLITYKA,"Donald Tusk przejmuje inicjatywę i ma plan, który może pomieszać PiS-owi szyki"
POLITYKA,Jak Rosjanie kontrolują ruch autobusowy z Polską
POLITYKA,Hotel poselski do remontu. Szymon Hołownia ogłosił „plan siedmioletni”
POLITYKA,Bogusław Chrabota: Hamlet po polsku – znieść dwukadencyjność czy nie?
POLITYKA,Sondaż: Koalicja rządząca chce znieść dwukadencyjność w samorządach wbrew własnym wyborcom
POLITYKA,Dobre wyniki Grzegorza Brauna korzystne dla KO? Prof. Wojciech Rafałowski: Donald Tusk się cieszy
POLITYKA,"Konrad Berkowicz zatrzymany w sklepie. Grzegorz Płaczek: Jest roztrzepany, popełnił błąd"
POLITYKA,"Estera Flieger: Konkurs na prezesa IPN wygrał Karol Polejowski, ale to i tak bez znaczenia"
POLITYKA,Jak rząd Donalda Tuska starał się wyjaśnić sprawę działki pod CPK? Nowe informacje
POLITYKA,Nowy sondaż: KO coraz bliżej 40 proc.
POLITYKA,Robert Raczyński: Utrzymanie ograniczenia kadencyjności w samorządach osłabi polskie życie publiczne
POLITYKA,Jarosław Kaczyński komentuje zarzuty wobec Ziobry: Brednie i bzdury
POLITYKA,Donald Tusk: Otworzymy dwa przejścia na granicy z Białorusią
POLITYKA,Leszek Miller: Po wyborach możemy zobaczyć eksplozję miłości między PiS a Konfederacją
POLITYKA,Prof. Rafał Chwedoruk o aferze wokół działki pod CPK: Cios w serce tożsamości PiS
POLITYKA,Zbigniew Ziobro może trafić do aresztu. Podejrzenie kierowania grupą przestępczą. „Nie ma świętych krów”
POLITYKA,Donald Tusk: Nie będę używał skrótu CPK. Wszyscy odczytują „Cały PiS kradnie”
POLITYKA,"Sondaż: Tusk się wzmacnia, a Kaczyński utknął między Mentzenem i Braunem"
POLITYKA,MON uruchamia powszechne szkolenie wojskowe. Co czeka na chętnych?
POLITYKA,Poseł Konfederacji Konrad Berkowicz zatrzymany w sklepie. „Głupi błąd”
POLITYKA,"„Rzecz w tym”: w PiS nie ma klimatu stypy, ale też nie ma hurraoptymizmu"
POLITYKA,Dwaj posłowie PIS zawieszeni „decyzją Jarosława Kaczyńskiego”. W tle sprawa gruntu
POLITYKA,"Jacek Sasin skrytykował Sławomira Mentzena, ale w jednym przyznał mu rację. „Też bym się nie podpisał”"
POLITYKA,Niemałe koszty i wielki niedosyt. Słony rachunek za komisję ds. wpływów
POLITYKA,"Brudziński: Mentzen to wybitny operator hulajnogi. Wątpię, czy wybitny polityk"
POLITYKA,Ikonowicz założył nową partię o starej nazwie. O co walczy „czerwony książę”?
POLITYKA,"Tusk twierdzi, że wygra wybory w 2027 r. Prof. Dudek: Możemy się założyć"
POLITYKA,PiS w Katowicach zaczął szyć swój program. Od AI Tax po bon mieszkaniowy
POLITYKA,"Donald Tusk: Ukraina przetrwa, Rosjanie mają poważne problemy"
POLITYKA,Bogusław Chrabota: Jarosław Kaczyński chce ludzi od Grzegorza Brauna
POLITYKA,"Michał Szułdrzyński: Wartości, suwerenność i strach. Jak Tusk i Kaczyński wciąż niepodzielnie rządzą polityczną wyobraźnią"
POLITYKA,"Od Pegasusa do Łukasza Mejzy, czyli z czego musiał i musi tłumaczyć się PiS"
POLITYKA,Poseł interweniuje w sprawie Sary „reporterki”. Zarzuca szkole „psychiczne znęcanie się”
POLITYKA,"Sondaż: Czy Polacy chcieliby, aby Andrzej Duda odgrywał jakąś rolę w polskiej polityce?"
POLITYKA,"PO, Nowoczesna i Inicjatywa Polska się zjednoczyły. Tusk: Dobro zwycięża zło, ale musi być silne"
POLITYKA,"Współpraca PiS i Konfederacji, ale bez Kaczyńskiego i Morawieckiego? Znamy zdanie Polaków"
POLITYKA,Sikorski o „bredniach” Kaczyńskiego  i „wielkoruskim imperializmie”
POLITYKA,Sondaż: Której partii Polacy najbardziej nie chcieliby zobaczyć w przyszłym Sejmie?
POLITYKA,Konwencja Nowoczesnej podjęła decyzję. Partia przechodzi do historii
POLITYKA,Sondaż zaufania CBOS wskazał najmniej znanego polityka. Jest nim rzecznik rządu
POLITYKA,"W weekend startuje kampania 2027, restart Tuska, w PiS walka buldogów"
POLITYKA,Sondaż CBOS. Rekordowe poparcie dla partii Grzegorza Brauna
POLITYKA,"W Katowicach trwa konwencja prawicy. Prezes PiS śni o potędze, Donald Tusk gra dalej"
POLITYKA,Bartosz Arłukowicz: Mariusz Kamiński i Maciej Wąsik zaglądali nam do sypialni
POLITYKA,Sondaż: Czy IPN powinien zostać zlikwidowany? Wyborcy różnych partii mocno podzieleni
POLITYKA,„Rzecz w tym”: Boimy się mówić prawdę o Niemczech? Estera Flieger tłumaczy polsko-niemieckie tabu
POLITYKA,"Przed weekendowymi konwencjami: Zarówno PiS, jak i PO potrzebują nowych twarzy"
POLITYKA,Michał Szułdrzyński: Trzy wnioski dla Koalicji Obywatelskiej i Donalda Tuska z najnowszego sondażu
POLITYKA,Kłopoty Marcina Romanowskiego. Ciężkie życie sejmowego uchodźcy
POLITYKA,Nowy sondaż: KO mocno w górę. A jakie poparcie miałaby wspólna lista koalicji rządzącej?
POLITYKA,Zuzanna Dąbrowska: Nawrocki buduje pozycję poza Kaczyńskim
POLITYKA,"Siewiera: Priorytety Putina się nie zmieniły, Donbas to tylko brama do prawdziwego celu"
POLITYKA,Spięcie między szefem MSZ Węgier a Radosławem Sikorskim. Poszło o decyzję polskiego sądu
POLITYKA,Dr Jacek Kucharczyk o zniknięciu PO: To jest dokończenie
POLITYKA,Andrzej Poczobut laureatem Nagrody im. Sacharowa
POLITYKA,Finał sprawy Karola Nawrockiego i kawalerki Jerzego Ż. Zmiana w księdze wieczystej
POLITYKA,Luksusowe limuzyny dla kancelarii Nawrockiego. Nieoficjalnie: trafią do ministrów
POLITYKA,To koniec Platformy Obywatelskiej. W sobotę przestanie istnieć
POLITYKA,Michał Szułdrzyński: Rosyjska wojna hybrydowa już tu jest. Donald Tusk zdradził nowe szczegóły
POLITYKA,"Czarzasty nie może być pewien, że zostanie marszałkiem? Wątpliwości w koalicji"
POLITYKA,"Nowy sondaż partyjny: KO wraca na pozycję lidera, sześć partii w Sejmie"
POLITYKA,Donald Tusk ostro o Jarosławie Kaczyńskim: Podpalacz z Żoliborza
